INSERT INTO staff (`manager_id`, `first_name`, `last_name`, `position`) VALUES (NULL,'Eli','Mitchell','manager');
INSERT INTO staff (`manager_id`, `first_name`, `last_name`, `position`) VALUES (NULL,'Johnson','Haag','manager');
INSERT INTO staff (`manager_id`, `first_name`, `last_name`, `position`) VALUES (NULL,'Virginia','Predovic','manager');
INSERT INTO staff (`manager_id`, `first_name`, `last_name`, `position`) VALUES (2,'Dakota','Gottlieb','agent');
INSERT INTO staff (`manager_id`, `first_name`, `last_name`, `position`) VALUES (0,'Pauline','Weimann-Corwin','agent');
INSERT INTO staff (`manager_id`, `first_name`, `last_name`, `position`) VALUES (2,'Garnett','Christiansen','agent');
INSERT INTO staff (`manager_id`, `first_name`, `last_name`, `position`) VALUES (3,'Neva','Zboncak','agent');
INSERT INTO staff (`manager_id`, `first_name`, `last_name`, `position`) VALUES (0,'Marianne','Schmeler-Boehm','agent');
INSERT INTO staff (`manager_id`, `first_name`, `last_name`, `position`) VALUES (0,'Rita','Green','agent');
INSERT INTO staff (`manager_id`, `first_name`, `last_name`, `position`) VALUES (0,'Evie','Mosciski','agent');
INSERT INTO staff (`manager_id`, `first_name`, `last_name`, `position`) VALUES (0,'Margarette','Blanda','agent');
INSERT INTO staff (`manager_id`, `first_name`, `last_name`, `position`) VALUES (2,'Michelle','Yundt','agent');
INSERT INTO staff (`manager_id`, `first_name`, `last_name`, `position`) VALUES (3,'Raphael','Littel','agent');
INSERT INTO staff (`manager_id`, `first_name`, `last_name`, `position`) VALUES (2,'Lesley','Walsh','agent');
INSERT INTO staff (`manager_id`, `first_name`, `last_name`, `position`) VALUES (2,'Cynthia','Wisozk','agent');
INSERT INTO staff (`manager_id`, `first_name`, `last_name`, `position`) VALUES (3,'Alexane','Koepp','agent');
INSERT INTO staff (`manager_id`, `first_name`, `last_name`, `position`) VALUES (2,'Arlie','Sporer','agent');
INSERT INTO staff (`manager_id`, `first_name`, `last_name`, `position`) VALUES (2,'Santino','Runolfsdottir','agent');
INSERT INTO staff (`manager_id`, `first_name`, `last_name`, `position`) VALUES (2,'Ebony','Wyman','agent');
INSERT INTO staff (`manager_id`, `first_name`, `last_name`, `position`) VALUES (3,'Jade','Pfannerstill','agent');
INSERT INTO branch (`manager_id`, `name`, `street`, `city`) VALUES (1,'Bria','Westfield Road','Port Josie');
INSERT INTO branch (`manager_id`, `name`, `street`, `city`) VALUES (2,'Zachary','Joyce Meadows','Jackson');
INSERT INTO branch (`manager_id`, `name`, `street`, `city`) VALUES (3,'Salma','Duke Street','Isaacbury');
INSERT INTO advertisment (`description`, `date`, `time`) VALUES ('Advert Description','2024-04-01','15:29:23');
INSERT INTO advertisment (`description`, `date`, `time`) VALUES ('Advert Description','2024-07-22','10:37:58');
INSERT INTO advertisment (`description`, `date`, `time`) VALUES ('Advert Description','2024-02-05','18:29:47');
INSERT INTO advertisment (`description`, `date`, `time`) VALUES ('Advert Description','2024-07-12','09:36:53');
INSERT INTO advertisment (`description`, `date`, `time`) VALUES ('Advert Description','2024-01-09','09:03:32');
INSERT INTO advertisment (`description`, `date`, `time`) VALUES ('Advert Description','2024-03-01','12:12:08');
INSERT INTO advertisment (`description`, `date`, `time`) VALUES ('Advert Description','2024-05-13','01:58:56');
INSERT INTO advertisment (`description`, `date`, `time`) VALUES ('Advert Description','2024-10-25','15:16:19');
INSERT INTO advertisment (`description`, `date`, `time`) VALUES ('Advert Description','2024-10-08','08:17:07');
INSERT INTO advertisment (`description`, `date`, `time`) VALUES ('Advert Description','2024-02-09','19:45:45');
INSERT INTO advertisment (`description`, `date`, `time`) VALUES ('Advert Description','2024-03-23','03:21:31');
INSERT INTO advertisment (`description`, `date`, `time`) VALUES ('Advert Description','2024-01-29','10:21:24');
INSERT INTO advertisment (`description`, `date`, `time`) VALUES ('Advert Description','2024-01-15','08:39:09');
INSERT INTO advertisment (`description`, `date`, `time`) VALUES ('Advert Description','2024-04-02','01:32:22');
INSERT INTO advertisment (`description`, `date`, `time`) VALUES ('Advert Description','2024-08-01','23:18:26');
INSERT INTO advertisment (`description`, `date`, `time`) VALUES ('Advert Description','2024-06-10','12:45:22');
INSERT INTO advertisment (`description`, `date`, `time`) VALUES ('Advert Description','2024-10-18','00:35:01');
INSERT INTO advertisment (`description`, `date`, `time`) VALUES ('Advert Description','2024-07-25','20:49:31');
INSERT INTO advertisment (`description`, `date`, `time`) VALUES ('Advert Description','2023-12-12','08:51:58');
INSERT INTO advertisment (`description`, `date`, `time`) VALUES ('Advert Description','2023-11-18','15:39:41');
INSERT INTO maintanence (`description`, `date`, `time`) VALUES ('Maintanence Description','2024-04-05','05:09:51');
INSERT INTO maintanence (`description`, `date`, `time`) VALUES ('Maintanence Description','2024-07-22','05:02:07');
INSERT INTO maintanence (`description`, `date`, `time`) VALUES ('Maintanence Description','2024-09-30','09:59:52');
INSERT INTO maintanence (`description`, `date`, `time`) VALUES ('Maintanence Description','2024-08-12','16:29:30');
INSERT INTO maintanence (`description`, `date`, `time`) VALUES ('Maintanence Description','2023-11-22','21:25:32');
INSERT INTO maintanence (`description`, `date`, `time`) VALUES ('Maintanence Description','2024-07-16','15:38:17');
INSERT INTO maintanence (`description`, `date`, `time`) VALUES ('Maintanence Description','2024-05-26','06:32:48');
INSERT INTO maintanence (`description`, `date`, `time`) VALUES ('Maintanence Description','2023-11-26','20:34:40');
INSERT INTO maintanence (`description`, `date`, `time`) VALUES ('Maintanence Description','2024-02-01','23:02:37');
INSERT INTO maintanence (`description`, `date`, `time`) VALUES ('Maintanence Description','2024-10-09','06:33:40');
INSERT INTO maintanence (`description`, `date`, `time`) VALUES ('Maintanence Description','2024-02-02','12:23:47');
INSERT INTO maintanence (`description`, `date`, `time`) VALUES ('Maintanence Description','2024-04-15','01:09:45');
INSERT INTO maintanence (`description`, `date`, `time`) VALUES ('Maintanence Description','2024-03-21','10:36:58');
INSERT INTO maintanence (`description`, `date`, `time`) VALUES ('Maintanence Description','2024-01-10','10:52:08');
INSERT INTO maintanence (`description`, `date`, `time`) VALUES ('Maintanence Description','2024-08-11','01:57:52');
INSERT INTO maintanence (`description`, `date`, `time`) VALUES ('Maintanence Description','2024-07-26','15:45:58');
INSERT INTO maintanence (`description`, `date`, `time`) VALUES ('Maintanence Description','2024-11-05','06:24:29');
INSERT INTO maintanence (`description`, `date`, `time`) VALUES ('Maintanence Description','2024-09-03','11:01:40');
INSERT INTO maintanence (`description`, `date`, `time`) VALUES ('Maintanence Description','2024-05-24','17:32:44');
INSERT INTO maintanence (`description`, `date`, `time`) VALUES ('Maintanence Description','2024-02-25','12:36:03');
INSERT INTO owner (`first_name`, `last_name`, `date_of_birth`, `phone`, `email`, `address`) VALUES ('Mohamed','Mann','1999-12-15','26-168444-157667-0','Josh5@yahoo.com','2244 Crist Valley');
INSERT INTO owner (`first_name`, `last_name`, `date_of_birth`, `phone`, `email`, `address`) VALUES ('Jessie','Beier','1978-08-14','83-721026-027265-7','Jerrod.Adams82@hotmail.com','305 Anne Pass');
INSERT INTO owner (`first_name`, `last_name`, `date_of_birth`, `phone`, `email`, `address`) VALUES ('Webster','Breitenberg','1961-02-03','21-417142-992400-5','Maximo.Thompson62@hotmail.com','135 Weissnat Manors');
INSERT INTO owner (`first_name`, `last_name`, `date_of_birth`, `phone`, `email`, `address`) VALUES ('Larry','Farrell','1970-07-28','57-807425-726530-3','Juliana.Thiel34@hotmail.com','73710 Elvis Hollow');
INSERT INTO owner (`first_name`, `last_name`, `date_of_birth`, `phone`, `email`, `address`) VALUES ('Effie','Lehner','1959-05-29','73-335113-900017-9','Boris.Lesch86@hotmail.com','1795 Lueilwitz Extension');
INSERT INTO owner (`first_name`, `last_name`, `date_of_birth`, `phone`, `email`, `address`) VALUES ('Newell','Ruecker','1969-01-08','99-247592-227391-1','Jaclyn_McKenzie38@hotmail.com','1823 Lake Drive');
INSERT INTO owner (`first_name`, `last_name`, `date_of_birth`, `phone`, `email`, `address`) VALUES ('Jessy','Reilly','1964-03-20','09-649253-120840-7','Lou_Kiehn2@gmail.com','381 Victoria Place');
INSERT INTO owner (`first_name`, `last_name`, `date_of_birth`, `phone`, `email`, `address`) VALUES ('Flavie','Maggio','1975-11-15','62-833701-881980-3','Mitchell.OKeefe@gmail.com','2265 The Ridgeway');
INSERT INTO owner (`first_name`, `last_name`, `date_of_birth`, `phone`, `email`, `address`) VALUES ('Herminia','Satterfield-Lockman','1967-08-15','92-027970-170300-8','Shawn.Jakubowski-White@gmail.com','568 Ritchie Knoll');
INSERT INTO owner (`first_name`, `last_name`, `date_of_birth`, `phone`, `email`, `address`) VALUES ('Kenyatta','Kassulke-Schultz','1947-06-25','24-120888-743442-9','Abbigail50@gmail.com','10772 Harvey Shore');
INSERT INTO owner (`first_name`, `last_name`, `date_of_birth`, `phone`, `email`, `address`) VALUES ('Toney','Lang','1954-12-09','34-600935-616469-3','Troy.Dietrich@yahoo.com','269 Karolann Manors');
INSERT INTO owner (`first_name`, `last_name`, `date_of_birth`, `phone`, `email`, `address`) VALUES ('Mollie','Fahey','1979-03-18','77-698931-938488-5','Mateo.Heller6@hotmail.com','70723 Jessy Mount');
INSERT INTO owner (`first_name`, `last_name`, `date_of_birth`, `phone`, `email`, `address`) VALUES ('Waino','Carroll','1981-09-10','46-746389-851407-6','Dan.Zieme47@hotmail.com','9364 Price Valleys');
INSERT INTO owner (`first_name`, `last_name`, `date_of_birth`, `phone`, `email`, `address`) VALUES ('Gunnar','Blick','1950-04-27','08-635592-595888-1','Mossie.Ebert32@hotmail.com','939 Ottilie Pine');
INSERT INTO owner (`first_name`, `last_name`, `date_of_birth`, `phone`, `email`, `address`) VALUES ('Geoffrey','Schmitt','1968-01-14','06-983799-100966-6','Joanny_Greenfelder14@gmail.com','37836 Main Street S');
INSERT INTO owner (`first_name`, `last_name`, `date_of_birth`, `phone`, `email`, `address`) VALUES ('Kamille','Mohr-Christiansen','1950-11-13','77-499152-574615-6','Kale_Stehr86@hotmail.com','887 S 1st Avenue');
INSERT INTO owner (`first_name`, `last_name`, `date_of_birth`, `phone`, `email`, `address`) VALUES ('Alvina','Gerlach','1997-11-05','39-671177-449072-0','Landen14@yahoo.com','18441 E 14th Street');
INSERT INTO owner (`first_name`, `last_name`, `date_of_birth`, `phone`, `email`, `address`) VALUES ('Dayna','Berge','1963-07-14','60-841779-060948-3','Celine77@yahoo.com','1883 S Main Avenue');
INSERT INTO owner (`first_name`, `last_name`, `date_of_birth`, `phone`, `email`, `address`) VALUES ('Reece','Strosin','1993-01-29','79-807903-981340-7','Loyce_Renner36@hotmail.com','2117 Corrine Way');
INSERT INTO owner (`first_name`, `last_name`, `date_of_birth`, `phone`, `email`, `address`) VALUES ('Kristofer','Bradtke','1975-08-08','10-688994-597631-3','Margarita17@yahoo.com','101 The Paddock');
INSERT INTO owner (`first_name`, `last_name`, `date_of_birth`, `phone`, `email`, `address`) VALUES ('Lucienne','Parker','2005-07-20','10-362772-068816-3','Matilda.Hartmann44@gmail.com','613 Laburnum Grove');
INSERT INTO owner (`first_name`, `last_name`, `date_of_birth`, `phone`, `email`, `address`) VALUES ('Gerald','Hessel','1982-12-13','74-670230-096452-5','Fannie13@yahoo.com','755 Ledner Lodge');
INSERT INTO owner (`first_name`, `last_name`, `date_of_birth`, `phone`, `email`, `address`) VALUES ('Chloe','O'Kon','1989-01-23','75-154702-436941-6','Garnet66@hotmail.com','67700 Lawson Valleys');
INSERT INTO owner (`first_name`, `last_name`, `date_of_birth`, `phone`, `email`, `address`) VALUES ('Curtis','Jenkins','2005-06-07','30-434513-019680-3','Kennith46@gmail.com','86659 Makenna Union');
INSERT INTO owner (`first_name`, `last_name`, `date_of_birth`, `phone`, `email`, `address`) VALUES ('Leslie','Mann','1993-02-03','53-091743-506810-5','Bryce65@hotmail.com','35786 Nikolaus Square');
INSERT INTO owner (`first_name`, `last_name`, `date_of_birth`, `phone`, `email`, `address`) VALUES ('Trystan','Rolfson','1984-12-02','23-169239-622680-0','Cora.Wintheiser@gmail.com','909 Terry Cape');
INSERT INTO owner (`first_name`, `last_name`, `date_of_birth`, `phone`, `email`, `address`) VALUES ('Abdullah','Herman','1976-05-12','58-262918-170851-4','Demond.Haag6@yahoo.com','2784 Liliana Hill');
INSERT INTO owner (`first_name`, `last_name`, `date_of_birth`, `phone`, `email`, `address`) VALUES ('Kenyatta','McGlynn','1989-10-09','66-521471-222071-7','Sydney38@yahoo.com','23431 Jast Shoals');
INSERT INTO owner (`first_name`, `last_name`, `date_of_birth`, `phone`, `email`, `address`) VALUES ('Ethel','Lehner-Hagenes','1951-07-11','51-196586-532973-0','Coby92@gmail.com','18327 Bath Road');
INSERT INTO owner (`first_name`, `last_name`, `date_of_birth`, `phone`, `email`, `address`) VALUES ('Adriana','Zboncak','1951-04-14','80-701108-864565-2','Kendall.Little23@yahoo.com','5730 Antonia Extension');
INSERT INTO owner (`first_name`, `last_name`, `date_of_birth`, `phone`, `email`, `address`) VALUES ('Hermann','Kiehn','1957-01-21','94-655013-072684-8','Rocio.Mitchell18@hotmail.com','46958 Kristian Light');
INSERT INTO owner (`first_name`, `last_name`, `date_of_birth`, `phone`, `email`, `address`) VALUES ('Rosetta','Lubowitz','1956-08-04','65-205786-282642-8','Curt84@hotmail.com','667 Jast Pass');
INSERT INTO owner (`first_name`, `last_name`, `date_of_birth`, `phone`, `email`, `address`) VALUES ('Raegan','Hermiston','1972-09-09','11-010667-738074-5','Betty58@hotmail.com','431 Powlowski Place');
INSERT INTO owner (`first_name`, `last_name`, `date_of_birth`, `phone`, `email`, `address`) VALUES ('Macy','Beahan','1958-10-16','93-292150-668462-0','Samanta6@gmail.com','987 Pfeffer Knoll');
INSERT INTO owner (`first_name`, `last_name`, `date_of_birth`, `phone`, `email`, `address`) VALUES ('Rosie','Mann','1978-05-03','01-181487-752706-0','Destiny.Jaskolski36@yahoo.com','7088 Lynch Valley');
INSERT INTO owner (`first_name`, `last_name`, `date_of_birth`, `phone`, `email`, `address`) VALUES ('Saul','Labadie','1959-06-27','62-571490-153100-5','Hyman12@gmail.com','9816 Trantow Plain');
INSERT INTO owner (`first_name`, `last_name`, `date_of_birth`, `phone`, `email`, `address`) VALUES ('Aric','Koepp','1954-06-18','04-571501-148264-3','Salma_Herzog-Schinner@gmail.com','12128 Littel Walks');
INSERT INTO owner (`first_name`, `last_name`, `date_of_birth`, `phone`, `email`, `address`) VALUES ('Elisa','Tromp','1971-05-25','42-014026-059381-5','Rocio42@hotmail.com','473 Elaina Club');
INSERT INTO owner (`first_name`, `last_name`, `date_of_birth`, `phone`, `email`, `address`) VALUES ('Joshuah','Graham','1987-07-08','11-728028-650026-7','Immanuel59@hotmail.com','260 Jerod Summit');
INSERT INTO owner (`first_name`, `last_name`, `date_of_birth`, `phone`, `email`, `address`) VALUES ('Ibrahim','Mills','1963-12-14','27-043131-517295-7','Ara45@gmail.com','6093 Rippin Creek');
INSERT INTO owner (`first_name`, `last_name`, `date_of_birth`, `phone`, `email`, `address`) VALUES ('Keira','Hintz','1977-05-04','09-687545-784641-8','Alyce.Jast58@yahoo.com','961 Chanelle Oval');
INSERT INTO owner (`first_name`, `last_name`, `date_of_birth`, `phone`, `email`, `address`) VALUES ('Orpha','Koss','1987-05-20','94-770306-099113-5','Orpha17@gmail.com','8132 Melissa Drives');
INSERT INTO owner (`first_name`, `last_name`, `date_of_birth`, `phone`, `email`, `address`) VALUES ('Liam','Dicki','1973-03-27','14-170403-223881-5','Lavern.Friesen59@hotmail.com','8167 Cedar Street');
INSERT INTO owner (`first_name`, `last_name`, `date_of_birth`, `phone`, `email`, `address`) VALUES ('Skylar','Crooks','1970-09-21','79-128716-071500-5','Teresa_Wolf@hotmail.com','6155 Omer Inlet');
INSERT INTO owner (`first_name`, `last_name`, `date_of_birth`, `phone`, `email`, `address`) VALUES ('Betty','Rowe','1984-07-23','39-103098-910944-6','Sasha.Hilpert51@gmail.com','5685 Adams Crescent');
INSERT INTO owner (`first_name`, `last_name`, `date_of_birth`, `phone`, `email`, `address`) VALUES ('Taya','Sanford','1980-09-01','74-338727-751634-3','Elisha_Bednar@hotmail.com','82917 6th Avenue');
INSERT INTO owner (`first_name`, `last_name`, `date_of_birth`, `phone`, `email`, `address`) VALUES ('Rafaela','Walter','1951-09-09','78-027572-605769-2','Dion_Hudson38@gmail.com','3978 Warren Gardens');
INSERT INTO owner (`first_name`, `last_name`, `date_of_birth`, `phone`, `email`, `address`) VALUES ('Jovan','Blick','1962-04-15','32-970416-447434-9','Maudie.Bergstrom21@hotmail.com','683 Nicolas Drive');
INSERT INTO owner (`first_name`, `last_name`, `date_of_birth`, `phone`, `email`, `address`) VALUES ('Tom','Effertz','1976-04-10','62-807450-652803-0','Jaunita_Daugherty@gmail.com','3571 Kunde Lake');
INSERT INTO owner (`first_name`, `last_name`, `date_of_birth`, `phone`, `email`, `address`) VALUES ('Bradly','Reynolds','1944-09-07','12-219173-130282-4','Sidney.Parker@gmail.com','82085 Waldo Gateway');
INSERT INTO client (`first_name`, `last_name`, `date_of_birth`, `phone`, `email`, `address`, `tenant`) VALUES ('Haley','Harvey','1967-12-26','36-007523-313241-0','Arnoldo30@hotmail.com','68188 King's Road',0);
INSERT INTO client (`first_name`, `last_name`, `date_of_birth`, `phone`, `email`, `address`, `tenant`) VALUES ('Rogelio','Champlin','1950-08-10','16-037401-515285-8','Marta25@yahoo.com','73908 Russell Street',1);
INSERT INTO client (`first_name`, `last_name`, `date_of_birth`, `phone`, `email`, `address`, `tenant`) VALUES ('Adolfo','Crist','1975-05-24','66-074984-809060-4','Geraldine.Treutel62@gmail.com','980 Labadie Mountain',1);
INSERT INTO client (`first_name`, `last_name`, `date_of_birth`, `phone`, `email`, `address`, `tenant`) VALUES ('Thora','Gottlieb','1962-07-04','15-878556-893447-1','Ansley.Gerhold@yahoo.com','2801 Jacobs Point',0);
INSERT INTO client (`first_name`, `last_name`, `date_of_birth`, `phone`, `email`, `address`, `tenant`) VALUES ('Jayde','Crist','1964-04-25','48-890791-465215-8','Eliezer_Moore27@gmail.com','1265 The Grange',1);
INSERT INTO client (`first_name`, `last_name`, `date_of_birth`, `phone`, `email`, `address`, `tenant`) VALUES ('Kobe','Howell','1956-01-19','37-229188-109968-8','Myah.Larkin23@gmail.com','6085 Simeon Courts',0);
INSERT INTO client (`first_name`, `last_name`, `date_of_birth`, `phone`, `email`, `address`, `tenant`) VALUES ('Letitia','Pagac','1954-09-19','11-825282-367004-3','Dorris_Lueilwitz26@yahoo.com','2785 Jerrod Vista',1);
INSERT INTO client (`first_name`, `last_name`, `date_of_birth`, `phone`, `email`, `address`, `tenant`) VALUES ('Cooper','Crooks','1988-08-18','45-012314-027272-0','Vivianne.Bernier@yahoo.com','46973 Hyatt Rapids',0);
INSERT INTO client (`first_name`, `last_name`, `date_of_birth`, `phone`, `email`, `address`, `tenant`) VALUES ('Oren','Mueller','1972-11-01','25-576875-858318-5','Kellen_Hilll67@yahoo.com','616 Labadie Shore',1);
INSERT INTO client (`first_name`, `last_name`, `date_of_birth`, `phone`, `email`, `address`, `tenant`) VALUES ('Eve','Kuhic','1996-04-07','87-470809-593613-5','Carol.Rath@gmail.com','1659 The Meadows',0);
INSERT INTO client (`first_name`, `last_name`, `date_of_birth`, `phone`, `email`, `address`, `tenant`) VALUES ('William','Pacocha-Kihn','1970-06-09','26-162083-032656-6','Rene.Mueller97@hotmail.com','261 Camden Well',1);
INSERT INTO client (`first_name`, `last_name`, `date_of_birth`, `phone`, `email`, `address`, `tenant`) VALUES ('Kathryne','Brakus-Braun','1946-03-04','53-852117-311007-9','Connor53@hotmail.com','58742 Woodside',1);
INSERT INTO client (`first_name`, `last_name`, `date_of_birth`, `phone`, `email`, `address`, `tenant`) VALUES ('Alysson','O'Hara','2003-10-17','09-475806-173954-6','Alexandrine.Will75@yahoo.com','3180 O'Connell Spur',0);
INSERT INTO client (`first_name`, `last_name`, `date_of_birth`, `phone`, `email`, `address`, `tenant`) VALUES ('Brandi','Christiansen','1944-09-04','63-122070-030588-2','Lemuel.Zemlak34@hotmail.com','760 Alva Forges',0);
INSERT INTO client (`first_name`, `last_name`, `date_of_birth`, `phone`, `email`, `address`, `tenant`) VALUES ('Orion','Greenholt','1993-12-09','23-453584-066195-6','Don_Batz@gmail.com','5911 Ebert Ranch',1);
INSERT INTO client (`first_name`, `last_name`, `date_of_birth`, `phone`, `email`, `address`, `tenant`) VALUES ('Martin','Parisian','1953-11-04','60-651269-084269-7','Brielle49@gmail.com','6107 West Street',0);
INSERT INTO client (`first_name`, `last_name`, `date_of_birth`, `phone`, `email`, `address`, `tenant`) VALUES ('Colten','Steuber','1999-12-18','73-726894-409901-2','Lowell.Davis@gmail.com','245 Columbia Avenue',0);
INSERT INTO client (`first_name`, `last_name`, `date_of_birth`, `phone`, `email`, `address`, `tenant`) VALUES ('Delores','Deckow','1970-12-11','92-777924-799084-8','Tristin_Emmerich@yahoo.com','732 Kshlerin Cliffs',1);
INSERT INTO client (`first_name`, `last_name`, `date_of_birth`, `phone`, `email`, `address`, `tenant`) VALUES ('Justine','Brakus','1997-07-08','02-284032-641897-0','Edna99@yahoo.com','570 Castle Road',0);
INSERT INTO client (`first_name`, `last_name`, `date_of_birth`, `phone`, `email`, `address`, `tenant`) VALUES ('Brendon','O'Conner','1965-03-02','98-891266-908576-5','Dean.Sawayn@hotmail.com','58454 Tianna Plains',0);
INSERT INTO client (`first_name`, `last_name`, `date_of_birth`, `phone`, `email`, `address`, `tenant`) VALUES ('Arnulfo','O'Conner','1960-10-10','96-703700-913397-9','Katherine_Wisozk20@gmail.com','73871 Vicarage Close',0);
INSERT INTO client (`first_name`, `last_name`, `date_of_birth`, `phone`, `email`, `address`, `tenant`) VALUES ('Esperanza','Braun','1984-09-05','82-986915-263490-0','Dean_Stamm70@gmail.com','9962 Laney Circles',1);
INSERT INTO client (`first_name`, `last_name`, `date_of_birth`, `phone`, `email`, `address`, `tenant`) VALUES ('Joannie','Bergstrom','1950-02-03','09-516604-019698-7','Arianna.Koelpin@yahoo.com','940 W 9th Street',0);
INSERT INTO client (`first_name`, `last_name`, `date_of_birth`, `phone`, `email`, `address`, `tenant`) VALUES ('Valentina','Friesen','1975-12-17','24-762415-187181-1','Elaina47@hotmail.com','98322 S Church Street',0);
INSERT INTO client (`first_name`, `last_name`, `date_of_birth`, `phone`, `email`, `address`, `tenant`) VALUES ('Tiana','Brekke','1987-11-02','16-959670-000257-3','Fanny.Maggio-Fahey@hotmail.com','9183 Douglas Road',1);
INSERT INTO client (`first_name`, `last_name`, `date_of_birth`, `phone`, `email`, `address`, `tenant`) VALUES ('Shanny','Wuckert','1948-10-25','29-524884-553005-3','Marguerite27@yahoo.com','2710 Kody Curve',1);
INSERT INTO client (`first_name`, `last_name`, `date_of_birth`, `phone`, `email`, `address`, `tenant`) VALUES ('Dorris','Kulas-Pacocha','1957-07-09','12-884158-207964-0','Blanche_Nikolaus@gmail.com','28398 Oak Lane',0);
INSERT INTO client (`first_name`, `last_name`, `date_of_birth`, `phone`, `email`, `address`, `tenant`) VALUES ('Delta','Grant','1969-02-27','99-576047-387100-8','Clement67@yahoo.com','3732 Station Road',0);
INSERT INTO client (`first_name`, `last_name`, `date_of_birth`, `phone`, `email`, `address`, `tenant`) VALUES ('Jovan','Grimes','1954-12-23','87-755000-907265-7','Alexandrea_Watsica61@gmail.com','7648 The Meadows',0);
INSERT INTO client (`first_name`, `last_name`, `date_of_birth`, `phone`, `email`, `address`, `tenant`) VALUES ('Armani','Muller','1954-06-16','90-205218-808673-0','Samantha.Batz29@gmail.com','480 Wellington Road',0);
INSERT INTO client (`first_name`, `last_name`, `date_of_birth`, `phone`, `email`, `address`, `tenant`) VALUES ('Kariane','Fay','1963-08-15','93-116170-608467-4','Hailee.Huel@yahoo.com','680 Hills Mountain',0);
INSERT INTO client (`first_name`, `last_name`, `date_of_birth`, `phone`, `email`, `address`, `tenant`) VALUES ('Alexandra','Smitham','1949-02-05','04-500260-313057-9','Travis.Miller@gmail.com','443 The Sidings',1);
INSERT INTO client (`first_name`, `last_name`, `date_of_birth`, `phone`, `email`, `address`, `tenant`) VALUES ('Jacynthe','Heidenreich','1945-08-24','70-534865-257220-8','Roma.Boyle7@yahoo.com','4686 Owen Mills',0);
INSERT INTO client (`first_name`, `last_name`, `date_of_birth`, `phone`, `email`, `address`, `tenant`) VALUES ('Wyman','Strosin','1984-01-12','83-241682-197461-7','Berniece0@hotmail.com','4399 Jevon Pike',0);
INSERT INTO client (`first_name`, `last_name`, `date_of_birth`, `phone`, `email`, `address`, `tenant`) VALUES ('Earlene','Yundt','1961-04-20','00-301321-268125-8','Orin31@gmail.com','30623 Maple Street',0);
INSERT INTO client (`first_name`, `last_name`, `date_of_birth`, `phone`, `email`, `address`, `tenant`) VALUES ('Mozell','Schneider','1947-09-29','69-978984-539452-1','Evans.Gottlieb@yahoo.com','3712 Abbey Road',0);
INSERT INTO client (`first_name`, `last_name`, `date_of_birth`, `phone`, `email`, `address`, `tenant`) VALUES ('Stuart','Little','1948-05-24','13-830334-961306-0','Mae_DuBuque@yahoo.com','4278 The Grove',0);
INSERT INTO client (`first_name`, `last_name`, `date_of_birth`, `phone`, `email`, `address`, `tenant`) VALUES ('Anastacio','Hansen','1976-11-01','77-929906-922786-3','Tara_Crooks31@yahoo.com','8962 Grove Street',0);
INSERT INTO client (`first_name`, `last_name`, `date_of_birth`, `phone`, `email`, `address`, `tenant`) VALUES ('Ole','Stoltenberg','1958-08-30','23-973645-075694-7','Elyse.Lubowitz@hotmail.com','974 Legros Meadows',1);
INSERT INTO client (`first_name`, `last_name`, `date_of_birth`, `phone`, `email`, `address`, `tenant`) VALUES ('Francisco','Adams','1986-09-12','65-719664-485871-6','Susana_Barton@yahoo.com','5156 14th Street',1);
INSERT INTO client (`first_name`, `last_name`, `date_of_birth`, `phone`, `email`, `address`, `tenant`) VALUES ('Xavier','Hackett','1965-08-08','92-641180-621464-9','Alford_Hodkiewicz58@hotmail.com','428 Bashirian Landing',0);
INSERT INTO client (`first_name`, `last_name`, `date_of_birth`, `phone`, `email`, `address`, `tenant`) VALUES ('Valentina','DuBuque','1973-06-06','91-779252-353585-8','Malachi.Hodkiewicz@hotmail.com','80731 Lindgren Bridge',1);
INSERT INTO client (`first_name`, `last_name`, `date_of_birth`, `phone`, `email`, `address`, `tenant`) VALUES ('Sterling','Runte','1999-07-11','93-086862-724110-7','Jasmin_Kulas@hotmail.com','9963 Barton Road',0);
INSERT INTO client (`first_name`, `last_name`, `date_of_birth`, `phone`, `email`, `address`, `tenant`) VALUES ('Tabitha','Schaefer','1948-11-26','44-267982-220240-1','Torrance.Hane53@hotmail.com','43823 McClure Mall',1);
INSERT INTO client (`first_name`, `last_name`, `date_of_birth`, `phone`, `email`, `address`, `tenant`) VALUES ('Birdie','O'Connell','1964-03-23','79-890100-404034-6','Braden_Nader47@yahoo.com','96965 Lawrence Street',1);
INSERT INTO client (`first_name`, `last_name`, `date_of_birth`, `phone`, `email`, `address`, `tenant`) VALUES ('Shad','Beier','1982-08-16','86-544705-460660-0','Eve35@gmail.com','333 Satterfield Walks',0);
INSERT INTO client (`first_name`, `last_name`, `date_of_birth`, `phone`, `email`, `address`, `tenant`) VALUES ('Werner','Moen','1991-04-08','89-898004-275511-4','Brice.Orn@yahoo.com','41902 Hintz Rue',0);
INSERT INTO client (`first_name`, `last_name`, `date_of_birth`, `phone`, `email`, `address`, `tenant`) VALUES ('Richmond','Ritchie','1979-10-22','84-662877-990806-6','Vergie3@hotmail.com','1710 N Broadway Street',1);
INSERT INTO client (`first_name`, `last_name`, `date_of_birth`, `phone`, `email`, `address`, `tenant`) VALUES ('Linnea','Fahey','1957-11-08','04-130744-097109-1','Nola_Deckow@gmail.com','135 Kestrel Close',0);
INSERT INTO client (`first_name`, `last_name`, `date_of_birth`, `phone`, `email`, `address`, `tenant`) VALUES ('Aaron','Kling','1970-07-31','47-993330-647629-6','Karlie52@yahoo.com','6876 Duncan Locks',1);
INSERT INTO client (`first_name`, `last_name`, `date_of_birth`, `phone`, `email`, `address`, `tenant`) VALUES ('Everett','Heathcote','1958-10-08','76-688815-813984-2','Norene_Christiansen@yahoo.com','69332 Daryl Rue',0);
INSERT INTO client (`first_name`, `last_name`, `date_of_birth`, `phone`, `email`, `address`, `tenant`) VALUES ('Creola','Jones','1950-11-06','71-495846-708351-1','Uriel.VonRueden@yahoo.com','427 Cecelia River',1);
INSERT INTO client (`first_name`, `last_name`, `date_of_birth`, `phone`, `email`, `address`, `tenant`) VALUES ('Bryce','Keeling','2000-02-02','31-825042-760893-8','Brant40@hotmail.com','26838 Reyna Ridges',1);
INSERT INTO client (`first_name`, `last_name`, `date_of_birth`, `phone`, `email`, `address`, `tenant`) VALUES ('Antwon','White','1951-07-21','75-779778-477966-8','Drake13@yahoo.com','633 Idella Glen',1);
INSERT INTO client (`first_name`, `last_name`, `date_of_birth`, `phone`, `email`, `address`, `tenant`) VALUES ('Gardner','Williamson','2003-04-29','02-160862-508983-9','Yolanda_Carroll@gmail.com','31826 Nolan Motorway',0);
INSERT INTO client (`first_name`, `last_name`, `date_of_birth`, `phone`, `email`, `address`, `tenant`) VALUES ('Maximillian','Schoen','1971-08-19','29-705840-074238-3','Jackie.Baumbach25@yahoo.com','89417 Ronaldo Parkways',0);
INSERT INTO client (`first_name`, `last_name`, `date_of_birth`, `phone`, `email`, `address`, `tenant`) VALUES ('Jon','Hamill','1960-02-03','05-817621-454334-9','Yazmin61@hotmail.com','20136 Franey Plaza',0);
INSERT INTO client (`first_name`, `last_name`, `date_of_birth`, `phone`, `email`, `address`, `tenant`) VALUES ('Jacey','Grant','2003-03-27','76-730097-379079-0','Francesco_Vandervort63@hotmail.com','6283 Billy Fords',0);
INSERT INTO client (`first_name`, `last_name`, `date_of_birth`, `phone`, `email`, `address`, `tenant`) VALUES ('Sarina','Wisoky-Smith','1999-09-23','66-287117-786753-1','Kian_Kemmer@gmail.com','2170 Fahey Stream',1);
INSERT INTO client (`first_name`, `last_name`, `date_of_birth`, `phone`, `email`, `address`, `tenant`) VALUES ('Armani','Lang','1946-01-31','46-881485-288696-8','Herminia96@gmail.com','99055 Lebsack Ports',1);
INSERT INTO client (`first_name`, `last_name`, `date_of_birth`, `phone`, `email`, `address`, `tenant`) VALUES ('Hilario','Jakubowski','1973-12-01','71-854253-182298-3','Hilton_Mante@hotmail.com','203 Woodlands Road',1);
INSERT INTO client (`first_name`, `last_name`, `date_of_birth`, `phone`, `email`, `address`, `tenant`) VALUES ('Emilia','Durgan','1958-12-27','91-652674-591256-5','Jacques_Botsford@gmail.com','647 Emilia Highway',0);
INSERT INTO client (`first_name`, `last_name`, `date_of_birth`, `phone`, `email`, `address`, `tenant`) VALUES ('Kelsi','Runolfsdottir','1961-03-12','71-277095-410881-4','Christian52@gmail.com','9556 E 4th Street',1);
INSERT INTO client (`first_name`, `last_name`, `date_of_birth`, `phone`, `email`, `address`, `tenant`) VALUES ('Eda','Labadie','2001-09-10','53-734969-354597-5','Ian_Hettinger27@hotmail.com','9035 Pierce Dam',1);
INSERT INTO client (`first_name`, `last_name`, `date_of_birth`, `phone`, `email`, `address`, `tenant`) VALUES ('Herta','O'Hara-Osinski','1951-11-29','13-564514-358683-2','Hazle.Ullrich@gmail.com','11440 W Broad Street',0);
INSERT INTO client (`first_name`, `last_name`, `date_of_birth`, `phone`, `email`, `address`, `tenant`) VALUES ('Stuart','Schmidt','1973-01-23','80-831415-375246-3','Ellen_Lueilwitz@yahoo.com','567 Main',0);
INSERT INTO client (`first_name`, `last_name`, `date_of_birth`, `phone`, `email`, `address`, `tenant`) VALUES ('Jeffry','Effertz','1992-02-29','32-385522-002714-5','Edd25@gmail.com','978 Wilfrid Motorway',0);
INSERT INTO client (`first_name`, `last_name`, `date_of_birth`, `phone`, `email`, `address`, `tenant`) VALUES ('Candido','Smitham','1968-05-18','91-069867-221923-5','Alba.Boehm@hotmail.com','1899 Lucious Causeway',1);
INSERT INTO client (`first_name`, `last_name`, `date_of_birth`, `phone`, `email`, `address`, `tenant`) VALUES ('Lyla','Torp','2000-08-05','51-233162-368486-7','Erna_Daugherty@gmail.com','759 Spinka Expressway',0);
INSERT INTO client (`first_name`, `last_name`, `date_of_birth`, `phone`, `email`, `address`, `tenant`) VALUES ('Kathryn','Spinka','1947-05-31','05-750508-728493-1','Amara29@yahoo.com','353 Schamberger Grove',0);
INSERT INTO client (`first_name`, `last_name`, `date_of_birth`, `phone`, `email`, `address`, `tenant`) VALUES ('Macy','Cruickshank','1953-02-28','77-286196-790826-1','Earline60@yahoo.com','43273 W Market Street',0);
INSERT INTO client (`first_name`, `last_name`, `date_of_birth`, `phone`, `email`, `address`, `tenant`) VALUES ('Eddie','Green','1954-11-18','55-042526-079578-9','Name_Swift20@yahoo.com','484 Stanley Road',1);
INSERT INTO client (`first_name`, `last_name`, `date_of_birth`, `phone`, `email`, `address`, `tenant`) VALUES ('Stephen','Rolfson','1953-06-07','91-051769-488926-4','Heidi52@hotmail.com','9842 Bath Street',0);
INSERT INTO client (`first_name`, `last_name`, `date_of_birth`, `phone`, `email`, `address`, `tenant`) VALUES ('Titus','Bruen','1975-04-01','93-615986-809259-7','Gianni.Medhurst@gmail.com','1316 Novella Plaza',1);
INSERT INTO client (`first_name`, `last_name`, `date_of_birth`, `phone`, `email`, `address`, `tenant`) VALUES ('Maxie','Christiansen','1957-12-24','47-966024-527595-6','Nicolas38@gmail.com','615 Forest Road',0);
INSERT INTO client (`first_name`, `last_name`, `date_of_birth`, `phone`, `email`, `address`, `tenant`) VALUES ('Josefina','Hilpert','1955-02-07','68-801568-016742-3','Kristina_Kling95@gmail.com','6542 Theo Haven',1);
INSERT INTO client (`first_name`, `last_name`, `date_of_birth`, `phone`, `email`, `address`, `tenant`) VALUES ('Waylon','Kunde','1998-10-06','03-169411-660962-2','Oran8@hotmail.com','8755 N Broadway Street',0);
INSERT INTO client (`first_name`, `last_name`, `date_of_birth`, `phone`, `email`, `address`, `tenant`) VALUES ('Tyreek','Torp','2004-07-25','56-754676-084811-6','Ricky_Dicki12@hotmail.com','366 Helen Crossing',0);
INSERT INTO client (`first_name`, `last_name`, `date_of_birth`, `phone`, `email`, `address`, `tenant`) VALUES ('Isaac','Lakin','1948-04-29','05-593428-363577-3','Maxwell.Williamson95@yahoo.com','2357 Jakayla Mountain',0);
INSERT INTO client (`first_name`, `last_name`, `date_of_birth`, `phone`, `email`, `address`, `tenant`) VALUES ('Noble','Bayer','2001-10-19','65-737200-757315-6','Eliseo.Schneider42@yahoo.com','8850 Shanahan Corner',0);
INSERT INTO client (`first_name`, `last_name`, `date_of_birth`, `phone`, `email`, `address`, `tenant`) VALUES ('Lionel','Pouros','2004-01-20','07-618897-555437-1','Vena97@hotmail.com','135 Angeline Dale',0);
INSERT INTO client (`first_name`, `last_name`, `date_of_birth`, `phone`, `email`, `address`, `tenant`) VALUES ('Tony','Schmitt','1974-10-07','32-920511-413190-6','Barry95@yahoo.com','709 Beechwood Avenue',0);
INSERT INTO client (`first_name`, `last_name`, `date_of_birth`, `phone`, `email`, `address`, `tenant`) VALUES ('Jarod','Reilly','1983-10-03','43-101731-297701-3','Casimir.Morar77@hotmail.com','9503 Aiden Ranch',0);
INSERT INTO client (`first_name`, `last_name`, `date_of_birth`, `phone`, `email`, `address`, `tenant`) VALUES ('Teagan','Jacobs','1970-10-04','18-816472-643245-1','Ibrahim.Kuhlman96@gmail.com','7172 Rebeka Glens',0);
INSERT INTO client (`first_name`, `last_name`, `date_of_birth`, `phone`, `email`, `address`, `tenant`) VALUES ('Jovani','Konopelski-Lesch','1971-08-04','81-545714-302169-6','Larue.Gleason44@gmail.com','492 Wilderman Camp',0);
INSERT INTO client (`first_name`, `last_name`, `date_of_birth`, `phone`, `email`, `address`, `tenant`) VALUES ('Moshe','Fisher','1950-08-02','15-453500-232391-2','Irwin_Bogisich56@gmail.com','45751 Meadow Close',1);
INSERT INTO client (`first_name`, `last_name`, `date_of_birth`, `phone`, `email`, `address`, `tenant`) VALUES ('Janae','Davis','1960-07-30','13-373615-007820-1','Bennett53@yahoo.com','47591 Cherry Street',0);
INSERT INTO client (`first_name`, `last_name`, `date_of_birth`, `phone`, `email`, `address`, `tenant`) VALUES ('Irwin','Shanahan','1951-06-11','41-341999-826288-8','Leland.Purdy4@yahoo.com','1273 Ondricka Radial',1);
INSERT INTO client (`first_name`, `last_name`, `date_of_birth`, `phone`, `email`, `address`, `tenant`) VALUES ('Shania','Morissette','1968-06-12','17-267731-054597-2','Cortney29@hotmail.com','550 Schroeder Vista',0);
INSERT INTO client (`first_name`, `last_name`, `date_of_birth`, `phone`, `email`, `address`, `tenant`) VALUES ('Albertha','Parker','1978-07-04','61-614078-922659-4','Aileen_Gislason15@yahoo.com','304 James Street',1);
INSERT INTO client (`first_name`, `last_name`, `date_of_birth`, `phone`, `email`, `address`, `tenant`) VALUES ('Morris','Reichert','1954-03-31','75-691822-844968-1','Glenda.Wyman@yahoo.com','394 Woodland Road',0);
INSERT INTO client (`first_name`, `last_name`, `date_of_birth`, `phone`, `email`, `address`, `tenant`) VALUES ('Gilberto','Morar','1996-07-23','84-575436-998245-0','Barrett25@yahoo.com','674 N 5th Street',1);
INSERT INTO client (`first_name`, `last_name`, `date_of_birth`, `phone`, `email`, `address`, `tenant`) VALUES ('Syble','Klein','1992-04-18','26-455161-573239-6','Khalil_Flatley@hotmail.com','21149 E High Street',1);
INSERT INTO client (`first_name`, `last_name`, `date_of_birth`, `phone`, `email`, `address`, `tenant`) VALUES ('Kyleigh','Brown','1954-03-18','60-547607-999628-7','Joe_Parisian@yahoo.com','21081 River Road',0);
INSERT INTO client (`first_name`, `last_name`, `date_of_birth`, `phone`, `email`, `address`, `tenant`) VALUES ('Alek','Schinner','1993-05-31','91-423130-056395-0','Mayra48@hotmail.com','730 Alfred Street',1);
INSERT INTO client (`first_name`, `last_name`, `date_of_birth`, `phone`, `email`, `address`, `tenant`) VALUES ('Ellen','Aufderhar','1978-07-11','02-141434-700785-6','Tom48@gmail.com','536 Armani Overpass',1);
INSERT INTO client (`first_name`, `last_name`, `date_of_birth`, `phone`, `email`, `address`, `tenant`) VALUES ('Lew','Walter','1961-01-04','43-956292-618172-8','Lauretta.Spinka14@yahoo.com','2786 Woodlands Road',0);
INSERT INTO client (`first_name`, `last_name`, `date_of_birth`, `phone`, `email`, `address`, `tenant`) VALUES ('Vince','Denesik','1952-10-08','23-263815-616149-6','Bert.Howe7@yahoo.com','592 Steuber Hills',1);
INSERT INTO client (`first_name`, `last_name`, `date_of_birth`, `phone`, `email`, `address`, `tenant`) VALUES ('Marguerite','Toy','2004-02-22','86-288111-122834-2','Jaylon.Skiles84@hotmail.com','795 Alysson Fords',1);
INSERT INTO client (`first_name`, `last_name`, `date_of_birth`, `phone`, `email`, `address`, `tenant`) VALUES ('Colin','Klein','1982-08-02','65-703522-383000-3','Haven69@hotmail.com','564 W South Street',0);
INSERT INTO property (`property_number`, `street`, `city`, `suburb`, `postal_code`, `maintanence_id`, `advertisment_id`) VALUES (1,'Randi Grove','Tustin','West Abigaylestad','31734',1,1);
INSERT INTO property (`property_number`, `street`, `city`, `suburb`, `postal_code`, `maintanence_id`, `advertisment_id`) VALUES (2,'Jany Ranch','Fort Toyside','South Melyssa','60234-1737',2,2);
INSERT INTO property (`property_number`, `street`, `city`, `suburb`, `postal_code`, `maintanence_id`, `advertisment_id`) VALUES (3,'Zack Loaf','Port Meganeview','Farmington','65718-9600',3,3);
INSERT INTO property (`property_number`, `street`, `city`, `suburb`, `postal_code`, `maintanence_id`, `advertisment_id`) VALUES (4,'N Poplar Street','Gary','South Carlos','27181',4,4);
INSERT INTO property (`property_number`, `street`, `city`, `suburb`, `postal_code`, `maintanence_id`, `advertisment_id`) VALUES (5,'Lulu Locks','Meriden','South Madisyn','78309-2153',5,5);
INSERT INTO property (`property_number`, `street`, `city`, `suburb`, `postal_code`, `maintanence_id`, `advertisment_id`) VALUES (6,'W 5th Street','Palmdale','Koelpinton','53128-9443',6,6);
INSERT INTO property (`property_number`, `street`, `city`, `suburb`, `postal_code`, `maintanence_id`, `advertisment_id`) VALUES (7,'Hartmann Vista','Thorafield','Port Jovannychester','84165-2116',7,7);
INSERT INTO property (`property_number`, `street`, `city`, `suburb`, `postal_code`, `maintanence_id`, `advertisment_id`) VALUES (8,'Friedrich View','East Camilaside','Elissaboro','64170-3044',8,8);
INSERT INTO property (`property_number`, `street`, `city`, `suburb`, `postal_code`, `maintanence_id`, `advertisment_id`) VALUES (9,'Chestnut Grove','Murazikstad','West Saige','73574-2588',9,9);
INSERT INTO property (`property_number`, `street`, `city`, `suburb`, `postal_code`, `maintanence_id`, `advertisment_id`) VALUES (10,'E Washington Street','Russelchester','North Rosalynchester','38289',10,10);
INSERT INTO property (`property_number`, `street`, `city`, `suburb`, `postal_code`, `maintanence_id`, `advertisment_id`) VALUES (11,'Wood Lane','Wunschside','Port Corrineshire','69472-2093',11,11);
INSERT INTO property (`property_number`, `street`, `city`, `suburb`, `postal_code`, `maintanence_id`, `advertisment_id`) VALUES (12,'Greenholt Unions','East Libbyton','West Berenice','96218',12,12);
INSERT INTO property (`property_number`, `street`, `city`, `suburb`, `postal_code`, `maintanence_id`, `advertisment_id`) VALUES (13,'Post Road','New Solonville','Kozeyton','93211',13,13);
INSERT INTO property (`property_number`, `street`, `city`, `suburb`, `postal_code`, `maintanence_id`, `advertisment_id`) VALUES (14,'Christ Club','Lake Nilsborough','Freeport','34836',14,14);
INSERT INTO property (`property_number`, `street`, `city`, `suburb`, `postal_code`, `maintanence_id`, `advertisment_id`) VALUES (15,'S Jefferson Street','East Jessika','North D'angelo','11099-3638',15,15);
INSERT INTO property (`property_number`, `street`, `city`, `suburb`, `postal_code`, `maintanence_id`, `advertisment_id`) VALUES (16,'Kendall Roads','East Arielle','Tallahassee','40452-2478',16,16);
INSERT INTO property (`property_number`, `street`, `city`, `suburb`, `postal_code`, `maintanence_id`, `advertisment_id`) VALUES (17,'Annette Ridge','Strackeworth','Hicksville','80643',17,17);
INSERT INTO property (`property_number`, `street`, `city`, `suburb`, `postal_code`, `maintanence_id`, `advertisment_id`) VALUES (18,'Hortense Manor','Carmelaville','Fort Mckennahaven','57855-4534',18,18);
INSERT INTO property (`property_number`, `street`, `city`, `suburb`, `postal_code`, `maintanence_id`, `advertisment_id`) VALUES (19,'Back Lane','Fort Robbiecester','West Leora','33701-6738',19,19);
INSERT INTO property (`property_number`, `street`, `city`, `suburb`, `postal_code`, `maintanence_id`, `advertisment_id`) VALUES (20,'Tomasa Run','Nicolashaven','South Roberta','59415',20,20);
INSERT INTO property (`property_number`, `street`, `city`, `suburb`, `postal_code`, `maintanence_id`, `advertisment_id`) VALUES (21,'South Street','Marilynetown','Kiphaven','14768',NULL,NULL);
INSERT INTO property (`property_number`, `street`, `city`, `suburb`, `postal_code`, `maintanence_id`, `advertisment_id`) VALUES (22,'N College Street','West Ashleigh','Elizabethside','32646',NULL,NULL);
INSERT INTO property (`property_number`, `street`, `city`, `suburb`, `postal_code`, `maintanence_id`, `advertisment_id`) VALUES (23,'Tower Road','Port Kaelamouth','Port Jordanburgh','25753-1051',NULL,NULL);
INSERT INTO property (`property_number`, `street`, `city`, `suburb`, `postal_code`, `maintanence_id`, `advertisment_id`) VALUES (24,'N Chestnut Street','Charityfield','Dixiefurt','81285-2507',NULL,NULL);
INSERT INTO property (`property_number`, `street`, `city`, `suburb`, `postal_code`, `maintanence_id`, `advertisment_id`) VALUES (25,'Amy Rapid','Langoshport','Parkerhaven','97930-6268',NULL,NULL);
INSERT INTO property (`property_number`, `street`, `city`, `suburb`, `postal_code`, `maintanence_id`, `advertisment_id`) VALUES (26,'Hazel Grove','Sarinabury','Glenside','19469-4670',NULL,NULL);
INSERT INTO property (`property_number`, `street`, `city`, `suburb`, `postal_code`, `maintanence_id`, `advertisment_id`) VALUES (27,'Doyle Underpass','New Elena','Stantonchester','35539-7776',NULL,NULL);
INSERT INTO property (`property_number`, `street`, `city`, `suburb`, `postal_code`, `maintanence_id`, `advertisment_id`) VALUES (28,'Joyce Parks','Bartonberg','West Makenziechester','42656',NULL,NULL);
INSERT INTO property (`property_number`, `street`, `city`, `suburb`, `postal_code`, `maintanence_id`, `advertisment_id`) VALUES (29,'Hegmann Crescent','Beaverton','Fort Santino','16170-9076',NULL,NULL);
INSERT INTO property (`property_number`, `street`, `city`, `suburb`, `postal_code`, `maintanence_id`, `advertisment_id`) VALUES (30,'N Poplar Street','Everett','Lynn','89059',NULL,NULL);
INSERT INTO property (`property_number`, `street`, `city`, `suburb`, `postal_code`, `maintanence_id`, `advertisment_id`) VALUES (31,'Hintz Green','West Lafayette','Immanuelshire','71843-7274',NULL,NULL);
INSERT INTO property (`property_number`, `street`, `city`, `suburb`, `postal_code`, `maintanence_id`, `advertisment_id`) VALUES (32,'S Front Street','New Lempishire','Port Mariettaboro','70782-7893',NULL,NULL);
INSERT INTO property (`property_number`, `street`, `city`, `suburb`, `postal_code`, `maintanence_id`, `advertisment_id`) VALUES (33,'Keebler Track','Kyliecester','South Emely','92718',NULL,NULL);
INSERT INTO property (`property_number`, `street`, `city`, `suburb`, `postal_code`, `maintanence_id`, `advertisment_id`) VALUES (34,'Betty Underpass','Lake Ambrose','South Tristonport','46446-0804',NULL,NULL);
INSERT INTO property (`property_number`, `street`, `city`, `suburb`, `postal_code`, `maintanence_id`, `advertisment_id`) VALUES (35,'Earnest Falls','Champlinville','South Vinniechester','02249-0528',NULL,NULL);
INSERT INTO property (`property_number`, `street`, `city`, `suburb`, `postal_code`, `maintanence_id`, `advertisment_id`) VALUES (36,'W Maple Street','Stefaniebury','West Alexzander','16045-7560',NULL,NULL);
INSERT INTO property (`property_number`, `street`, `city`, `suburb`, `postal_code`, `maintanence_id`, `advertisment_id`) VALUES (37,'E Jackson Street','Littleton','New Florianhaven','57003-3591',NULL,NULL);
INSERT INTO property (`property_number`, `street`, `city`, `suburb`, `postal_code`, `maintanence_id`, `advertisment_id`) VALUES (38,'County Line Road','Darrenfurt','Colton','27345-8737',NULL,NULL);
INSERT INTO property (`property_number`, `street`, `city`, `suburb`, `postal_code`, `maintanence_id`, `advertisment_id`) VALUES (39,'Vincenza Villages','Lake Wendyville','Montyland','75396-5867',NULL,NULL);
INSERT INTO property (`property_number`, `street`, `city`, `suburb`, `postal_code`, `maintanence_id`, `advertisment_id`) VALUES (40,'Daisha Brooks','North Thelmaside','Fort Selenaburgh','97129-2001',NULL,NULL);
INSERT INTO property (`property_number`, `street`, `city`, `suburb`, `postal_code`, `maintanence_id`, `advertisment_id`) VALUES (41,'Mattie Common','Anderson','Houston','10319',NULL,NULL);
INSERT INTO property (`property_number`, `street`, `city`, `suburb`, `postal_code`, `maintanence_id`, `advertisment_id`) VALUES (42,'Kristy Crossroad','Pearlineworth','Morissetteborough','57069',NULL,NULL);
INSERT INTO property (`property_number`, `street`, `city`, `suburb`, `postal_code`, `maintanence_id`, `advertisment_id`) VALUES (43,'Daron Inlet','Lake Evelynstad','Adriannahaven','26231',NULL,NULL);
INSERT INTO property (`property_number`, `street`, `city`, `suburb`, `postal_code`, `maintanence_id`, `advertisment_id`) VALUES (44,'W Grand Avenue','Dallinworth','Chico','56499-6558',NULL,NULL);
INSERT INTO property (`property_number`, `street`, `city`, `suburb`, `postal_code`, `maintanence_id`, `advertisment_id`) VALUES (45,'Franklin Road','West Roxanne','Atlanta','09646-5620',NULL,NULL);
INSERT INTO property (`property_number`, `street`, `city`, `suburb`, `postal_code`, `maintanence_id`, `advertisment_id`) VALUES (46,'Shyann Unions','New Pabloview','Kunzeberg','43951',NULL,NULL);
INSERT INTO property (`property_number`, `street`, `city`, `suburb`, `postal_code`, `maintanence_id`, `advertisment_id`) VALUES (47,'Conroy Mountain','Lake Cindy','Swaniawskiville','83565-8020',NULL,NULL);
INSERT INTO property (`property_number`, `street`, `city`, `suburb`, `postal_code`, `maintanence_id`, `advertisment_id`) VALUES (48,'Jesse Views','South Scot','Fort Morgan','61190-1392',NULL,NULL);
INSERT INTO property (`property_number`, `street`, `city`, `suburb`, `postal_code`, `maintanence_id`, `advertisment_id`) VALUES (49,'Conor Meadow','Torreyboro','Skilesport','85523',NULL,NULL);
INSERT INTO property (`property_number`, `street`, `city`, `suburb`, `postal_code`, `maintanence_id`, `advertisment_id`) VALUES (50,'Aiden Points','Kiehnton','Cheyanneberg','86351-0266',NULL,NULL);
INSERT INTO property_instance (`number_of_tenants`, `available`, `property_id`, `owner_id`, `agent_id`) VALUES (8,0,1,1,16);
INSERT INTO property_instance (`number_of_tenants`, `available`, `property_id`, `owner_id`, `agent_id`) VALUES (8,0,2,2,18);
INSERT INTO property_instance (`number_of_tenants`, `available`, `property_id`, `owner_id`, `agent_id`) VALUES (3,0,3,3,14);
INSERT INTO property_instance (`number_of_tenants`, `available`, `property_id`, `owner_id`, `agent_id`) VALUES (5,1,4,4,8);
INSERT INTO property_instance (`number_of_tenants`, `available`, `property_id`, `owner_id`, `agent_id`) VALUES (4,0,5,5,9);
INSERT INTO property_instance (`number_of_tenants`, `available`, `property_id`, `owner_id`, `agent_id`) VALUES (7,1,6,6,13);
INSERT INTO property_instance (`number_of_tenants`, `available`, `property_id`, `owner_id`, `agent_id`) VALUES (7,0,7,7,2);
INSERT INTO property_instance (`number_of_tenants`, `available`, `property_id`, `owner_id`, `agent_id`) VALUES (9,1,8,8,11);
INSERT INTO property_instance (`number_of_tenants`, `available`, `property_id`, `owner_id`, `agent_id`) VALUES (2,1,9,9,16);
INSERT INTO property_instance (`number_of_tenants`, `available`, `property_id`, `owner_id`, `agent_id`) VALUES (10,1,10,10,20);
INSERT INTO property_instance (`number_of_tenants`, `available`, `property_id`, `owner_id`, `agent_id`) VALUES (7,0,11,11,10);
INSERT INTO property_instance (`number_of_tenants`, `available`, `property_id`, `owner_id`, `agent_id`) VALUES (6,0,12,12,20);
INSERT INTO property_instance (`number_of_tenants`, `available`, `property_id`, `owner_id`, `agent_id`) VALUES (9,0,13,13,11);
INSERT INTO property_instance (`number_of_tenants`, `available`, `property_id`, `owner_id`, `agent_id`) VALUES (8,0,14,14,14);
INSERT INTO property_instance (`number_of_tenants`, `available`, `property_id`, `owner_id`, `agent_id`) VALUES (3,1,15,15,16);
INSERT INTO property_instance (`number_of_tenants`, `available`, `property_id`, `owner_id`, `agent_id`) VALUES (8,1,16,16,12);
INSERT INTO property_instance (`number_of_tenants`, `available`, `property_id`, `owner_id`, `agent_id`) VALUES (9,1,17,17,3);
INSERT INTO property_instance (`number_of_tenants`, `available`, `property_id`, `owner_id`, `agent_id`) VALUES (9,1,18,18,19);
INSERT INTO property_instance (`number_of_tenants`, `available`, `property_id`, `owner_id`, `agent_id`) VALUES (7,0,19,19,18);
INSERT INTO property_instance (`number_of_tenants`, `available`, `property_id`, `owner_id`, `agent_id`) VALUES (10,1,20,20,11);
INSERT INTO property_instance (`number_of_tenants`, `available`, `property_id`, `owner_id`, `agent_id`) VALUES (7,1,21,21,17);
INSERT INTO property_instance (`number_of_tenants`, `available`, `property_id`, `owner_id`, `agent_id`) VALUES (3,0,22,22,15);
INSERT INTO property_instance (`number_of_tenants`, `available`, `property_id`, `owner_id`, `agent_id`) VALUES (8,0,23,23,10);
INSERT INTO property_instance (`number_of_tenants`, `available`, `property_id`, `owner_id`, `agent_id`) VALUES (4,1,24,24,18);
INSERT INTO property_instance (`number_of_tenants`, `available`, `property_id`, `owner_id`, `agent_id`) VALUES (5,0,25,25,9);
INSERT INTO property_instance (`number_of_tenants`, `available`, `property_id`, `owner_id`, `agent_id`) VALUES (3,1,26,26,10);
INSERT INTO property_instance (`number_of_tenants`, `available`, `property_id`, `owner_id`, `agent_id`) VALUES (3,0,27,27,12);
INSERT INTO property_instance (`number_of_tenants`, `available`, `property_id`, `owner_id`, `agent_id`) VALUES (3,0,28,28,4);
INSERT INTO property_instance (`number_of_tenants`, `available`, `property_id`, `owner_id`, `agent_id`) VALUES (2,1,29,29,3);
INSERT INTO property_instance (`number_of_tenants`, `available`, `property_id`, `owner_id`, `agent_id`) VALUES (3,1,30,30,15);
INSERT INTO property_instance (`number_of_tenants`, `available`, `property_id`, `owner_id`, `agent_id`) VALUES (2,0,31,31,6);
INSERT INTO property_instance (`number_of_tenants`, `available`, `property_id`, `owner_id`, `agent_id`) VALUES (6,1,32,32,8);
INSERT INTO property_instance (`number_of_tenants`, `available`, `property_id`, `owner_id`, `agent_id`) VALUES (4,1,33,33,17);
INSERT INTO property_instance (`number_of_tenants`, `available`, `property_id`, `owner_id`, `agent_id`) VALUES (7,0,34,34,14);
INSERT INTO property_instance (`number_of_tenants`, `available`, `property_id`, `owner_id`, `agent_id`) VALUES (8,1,35,35,13);
INSERT INTO property_instance (`number_of_tenants`, `available`, `property_id`, `owner_id`, `agent_id`) VALUES (4,0,36,36,6);
INSERT INTO property_instance (`number_of_tenants`, `available`, `property_id`, `owner_id`, `agent_id`) VALUES (3,1,37,37,19);
INSERT INTO property_instance (`number_of_tenants`, `available`, `property_id`, `owner_id`, `agent_id`) VALUES (5,1,38,38,15);
INSERT INTO property_instance (`number_of_tenants`, `available`, `property_id`, `owner_id`, `agent_id`) VALUES (2,0,39,39,14);
INSERT INTO property_instance (`number_of_tenants`, `available`, `property_id`, `owner_id`, `agent_id`) VALUES (3,0,40,40,17);
INSERT INTO property_instance (`number_of_tenants`, `available`, `property_id`, `owner_id`, `agent_id`) VALUES (2,0,41,41,18);
INSERT INTO property_instance (`number_of_tenants`, `available`, `property_id`, `owner_id`, `agent_id`) VALUES (6,1,42,42,2);
INSERT INTO property_instance (`number_of_tenants`, `available`, `property_id`, `owner_id`, `agent_id`) VALUES (7,1,43,43,16);
INSERT INTO property_instance (`number_of_tenants`, `available`, `property_id`, `owner_id`, `agent_id`) VALUES (3,0,44,44,16);
INSERT INTO property_instance (`number_of_tenants`, `available`, `property_id`, `owner_id`, `agent_id`) VALUES (8,0,45,45,5);
INSERT INTO property_instance (`number_of_tenants`, `available`, `property_id`, `owner_id`, `agent_id`) VALUES (2,0,46,46,2);
INSERT INTO property_instance (`number_of_tenants`, `available`, `property_id`, `owner_id`, `agent_id`) VALUES (10,1,47,47,18);
INSERT INTO property_instance (`number_of_tenants`, `available`, `property_id`, `owner_id`, `agent_id`) VALUES (2,1,48,48,16);
INSERT INTO property_instance (`number_of_tenants`, `available`, `property_id`, `owner_id`, `agent_id`) VALUES (9,0,49,49,5);
INSERT INTO property_instance (`number_of_tenants`, `available`, `property_id`, `owner_id`, `agent_id`) VALUES (9,1,50,50,8);
INSERT INTO lease (`property_instance_id`, `rent`, `bond`, `lease_start`, `lease_end`, `rent_frequency`) VALUES (25,1110,3124,'1947-01-19','1977-03-11',13);
INSERT INTO lease (`property_instance_id`, `rent`, `bond`, `lease_start`, `lease_end`, `rent_frequency`) VALUES (43,1418,3132,'1982-02-03','1952-09-20',13);
INSERT INTO lease (`property_instance_id`, `rent`, `bond`, `lease_start`, `lease_end`, `rent_frequency`) VALUES (41,1215,3050,'1981-07-21','1993-02-23',10);
INSERT INTO lease (`property_instance_id`, `rent`, `bond`, `lease_start`, `lease_end`, `rent_frequency`) VALUES (48,1385,3212,'1995-02-24','1998-05-08',11);
INSERT INTO lease (`property_instance_id`, `rent`, `bond`, `lease_start`, `lease_end`, `rent_frequency`) VALUES (3,1217,3094,'1974-10-07','1949-10-03',7);
INSERT INTO lease (`property_instance_id`, `rent`, `bond`, `lease_start`, `lease_end`, `rent_frequency`) VALUES (7,1524,3059,'1963-12-25','1968-12-10',12);
INSERT INTO lease (`property_instance_id`, `rent`, `bond`, `lease_start`, `lease_end`, `rent_frequency`) VALUES (12,1049,3058,'1968-02-03','1980-09-05',10);
INSERT INTO lease (`property_instance_id`, `rent`, `bond`, `lease_start`, `lease_end`, `rent_frequency`) VALUES (47,1982,3149,'1958-12-13','1946-08-02',10);
INSERT INTO lease (`property_instance_id`, `rent`, `bond`, `lease_start`, `lease_end`, `rent_frequency`) VALUES (34,1736,3153,'1981-10-12','1973-07-29',7);
INSERT INTO lease (`property_instance_id`, `rent`, `bond`, `lease_start`, `lease_end`, `rent_frequency`) VALUES (36,1720,3084,'1974-04-19','1991-03-09',8);
INSERT INTO lease (`property_instance_id`, `rent`, `bond`, `lease_start`, `lease_end`, `rent_frequency`) VALUES (1,1547,3151,'2000-01-03','1943-12-31',7);
INSERT INTO lease (`property_instance_id`, `rent`, `bond`, `lease_start`, `lease_end`, `rent_frequency`) VALUES (9,1639,3244,'1957-10-12','1997-04-06',9);
INSERT INTO lease (`property_instance_id`, `rent`, `bond`, `lease_start`, `lease_end`, `rent_frequency`) VALUES (16,1045,3168,'1943-09-05','2002-05-20',10);
INSERT INTO lease (`property_instance_id`, `rent`, `bond`, `lease_start`, `lease_end`, `rent_frequency`) VALUES (9,1721,3103,'2005-11-25','1943-12-21',14);
INSERT INTO lease (`property_instance_id`, `rent`, `bond`, `lease_start`, `lease_end`, `rent_frequency`) VALUES (15,1139,3009,'1984-01-03','1944-06-02',7);
INSERT INTO lease (`property_instance_id`, `rent`, `bond`, `lease_start`, `lease_end`, `rent_frequency`) VALUES (16,1779,3059,'1973-02-16','1984-07-23',14);
INSERT INTO lease (`property_instance_id`, `rent`, `bond`, `lease_start`, `lease_end`, `rent_frequency`) VALUES (8,1431,3124,'1997-03-19','1994-08-15',12);
INSERT INTO lease (`property_instance_id`, `rent`, `bond`, `lease_start`, `lease_end`, `rent_frequency`) VALUES (32,1314,3014,'1991-12-12','1986-09-06',12);
INSERT INTO lease (`property_instance_id`, `rent`, `bond`, `lease_start`, `lease_end`, `rent_frequency`) VALUES (27,1733,3141,'1954-05-13','1949-03-01',8);
INSERT INTO lease (`property_instance_id`, `rent`, `bond`, `lease_start`, `lease_end`, `rent_frequency`) VALUES (17,1353,3238,'1980-09-16','1985-08-11',9);
INSERT INTO lease (`property_instance_id`, `rent`, `bond`, `lease_start`, `lease_end`, `rent_frequency`) VALUES (9,1560,3001,'1997-10-28','2000-11-25',11);
INSERT INTO lease (`property_instance_id`, `rent`, `bond`, `lease_start`, `lease_end`, `rent_frequency`) VALUES (47,1327,3169,'1987-08-08','2002-02-23',8);
INSERT INTO lease (`property_instance_id`, `rent`, `bond`, `lease_start`, `lease_end`, `rent_frequency`) VALUES (41,1682,3088,'1962-05-30','1947-05-13',12);
INSERT INTO lease (`property_instance_id`, `rent`, `bond`, `lease_start`, `lease_end`, `rent_frequency`) VALUES (31,1497,3126,'1964-12-30','1989-06-10',10);
INSERT INTO lease (`property_instance_id`, `rent`, `bond`, `lease_start`, `lease_end`, `rent_frequency`) VALUES (24,1354,3212,'1957-04-01','1985-05-10',11);
INSERT INTO lease (`property_instance_id`, `rent`, `bond`, `lease_start`, `lease_end`, `rent_frequency`) VALUES (50,1386,3226,'1943-11-01','1961-06-03',9);
INSERT INTO lease (`property_instance_id`, `rent`, `bond`, `lease_start`, `lease_end`, `rent_frequency`) VALUES (49,1892,3184,'1957-09-05','1976-09-24',13);
INSERT INTO lease (`property_instance_id`, `rent`, `bond`, `lease_start`, `lease_end`, `rent_frequency`) VALUES (3,1148,3020,'1989-12-04','1983-03-18',8);
INSERT INTO lease (`property_instance_id`, `rent`, `bond`, `lease_start`, `lease_end`, `rent_frequency`) VALUES (42,1140,3077,'1961-11-24','2005-03-07',13);
INSERT INTO lease (`property_instance_id`, `rent`, `bond`, `lease_start`, `lease_end`, `rent_frequency`) VALUES (11,1037,3125,'1996-04-23','1975-09-14',11);
INSERT INTO lease (`property_instance_id`, `rent`, `bond`, `lease_start`, `lease_end`, `rent_frequency`) VALUES (10,1967,3176,'1952-02-19','1997-07-23',11);
INSERT INTO lease (`property_instance_id`, `rent`, `bond`, `lease_start`, `lease_end`, `rent_frequency`) VALUES (21,1288,3102,'2005-06-25','1951-08-05',7);
INSERT INTO lease (`property_instance_id`, `rent`, `bond`, `lease_start`, `lease_end`, `rent_frequency`) VALUES (8,1502,3180,'1967-04-07','1969-02-02',7);
INSERT INTO lease (`property_instance_id`, `rent`, `bond`, `lease_start`, `lease_end`, `rent_frequency`) VALUES (50,1379,3202,'1950-05-31','1946-12-18',7);
INSERT INTO lease (`property_instance_id`, `rent`, `bond`, `lease_start`, `lease_end`, `rent_frequency`) VALUES (8,1442,3093,'1954-12-27','1961-10-22',8);
INSERT INTO lease (`property_instance_id`, `rent`, `bond`, `lease_start`, `lease_end`, `rent_frequency`) VALUES (35,1664,3049,'1969-08-21','1979-09-15',12);
INSERT INTO lease (`property_instance_id`, `rent`, `bond`, `lease_start`, `lease_end`, `rent_frequency`) VALUES (47,1658,3175,'1959-08-11','1957-02-18',9);
INSERT INTO lease (`property_instance_id`, `rent`, `bond`, `lease_start`, `lease_end`, `rent_frequency`) VALUES (24,1299,3175,'1951-02-09','1944-05-04',14);
INSERT INTO lease (`property_instance_id`, `rent`, `bond`, `lease_start`, `lease_end`, `rent_frequency`) VALUES (8,1997,3147,'1980-11-14','1986-05-25',10);
INSERT INTO lease (`property_instance_id`, `rent`, `bond`, `lease_start`, `lease_end`, `rent_frequency`) VALUES (37,1732,3176,'1978-06-11','1975-04-03',10);
INSERT INTO lease (`property_instance_id`, `rent`, `bond`, `lease_start`, `lease_end`, `rent_frequency`) VALUES (50,1435,3049,'1990-10-21','1969-11-23',14);
INSERT INTO lease (`property_instance_id`, `rent`, `bond`, `lease_start`, `lease_end`, `rent_frequency`) VALUES (49,1938,3143,'1994-01-12','1962-11-14',7);
INSERT INTO lease (`property_instance_id`, `rent`, `bond`, `lease_start`, `lease_end`, `rent_frequency`) VALUES (47,1943,3199,'1996-10-03','1991-01-05',7);
INSERT INTO lease (`property_instance_id`, `rent`, `bond`, `lease_start`, `lease_end`, `rent_frequency`) VALUES (19,1113,3223,'1978-07-08','1954-03-22',13);
INSERT INTO lease (`property_instance_id`, `rent`, `bond`, `lease_start`, `lease_end`, `rent_frequency`) VALUES (3,1048,3157,'1961-05-22','1954-04-04',7);
INSERT INTO lease (`property_instance_id`, `rent`, `bond`, `lease_start`, `lease_end`, `rent_frequency`) VALUES (33,1917,3126,'1974-08-15','1969-06-01',10);
INSERT INTO lease (`property_instance_id`, `rent`, `bond`, `lease_start`, `lease_end`, `rent_frequency`) VALUES (5,1435,3233,'1955-08-07','2003-03-05',12);
INSERT INTO lease (`property_instance_id`, `rent`, `bond`, `lease_start`, `lease_end`, `rent_frequency`) VALUES (47,1290,3184,'2004-03-02','1994-03-04',12);
INSERT INTO lease (`property_instance_id`, `rent`, `bond`, `lease_start`, `lease_end`, `rent_frequency`) VALUES (1,1169,3187,'2001-02-25','1954-01-29',9);
INSERT INTO lease (`property_instance_id`, `rent`, `bond`, `lease_start`, `lease_end`, `rent_frequency`) VALUES (36,1464,3053,'1958-02-03','1976-10-19',14);
INSERT INTO lease (`property_instance_id`, `rent`, `bond`, `lease_start`, `lease_end`, `rent_frequency`) VALUES (42,1085,3237,'1992-04-17','1954-07-15',12);
INSERT INTO lease (`property_instance_id`, `rent`, `bond`, `lease_start`, `lease_end`, `rent_frequency`) VALUES (15,1750,3049,'1978-04-04','1953-12-28',14);
INSERT INTO lease (`property_instance_id`, `rent`, `bond`, `lease_start`, `lease_end`, `rent_frequency`) VALUES (8,1596,3112,'1966-05-17','1990-01-05',9);
INSERT INTO lease (`property_instance_id`, `rent`, `bond`, `lease_start`, `lease_end`, `rent_frequency`) VALUES (30,1979,3249,'1951-02-01','1964-10-14',7);
INSERT INTO lease (`property_instance_id`, `rent`, `bond`, `lease_start`, `lease_end`, `rent_frequency`) VALUES (21,1969,3071,'1963-12-31','1988-04-19',8);
INSERT INTO lease (`property_instance_id`, `rent`, `bond`, `lease_start`, `lease_end`, `rent_frequency`) VALUES (35,1189,3226,'1995-12-13','1977-08-04',8);
INSERT INTO lease (`property_instance_id`, `rent`, `bond`, `lease_start`, `lease_end`, `rent_frequency`) VALUES (48,1243,3078,'1987-06-24','1999-11-19',10);
INSERT INTO lease (`property_instance_id`, `rent`, `bond`, `lease_start`, `lease_end`, `rent_frequency`) VALUES (6,1780,3204,'1980-09-22','1975-08-29',9);
INSERT INTO lease (`property_instance_id`, `rent`, `bond`, `lease_start`, `lease_end`, `rent_frequency`) VALUES (33,1103,3022,'1956-07-20','1973-10-13',9);
INSERT INTO lease (`property_instance_id`, `rent`, `bond`, `lease_start`, `lease_end`, `rent_frequency`) VALUES (10,1926,3248,'1982-02-02','1974-07-29',8);
INSERT INTO lease (`property_instance_id`, `rent`, `bond`, `lease_start`, `lease_end`, `rent_frequency`) VALUES (1,1965,3025,'1945-04-03','1994-02-20',7);
INSERT INTO lease (`property_instance_id`, `rent`, `bond`, `lease_start`, `lease_end`, `rent_frequency`) VALUES (17,1261,3067,'1980-12-31','1982-07-18',12);
INSERT INTO lease (`property_instance_id`, `rent`, `bond`, `lease_start`, `lease_end`, `rent_frequency`) VALUES (42,1018,3214,'1989-02-23','1961-09-13',8);
INSERT INTO lease (`property_instance_id`, `rent`, `bond`, `lease_start`, `lease_end`, `rent_frequency`) VALUES (7,1125,3011,'1969-01-30','1998-07-19',14);
INSERT INTO lease (`property_instance_id`, `rent`, `bond`, `lease_start`, `lease_end`, `rent_frequency`) VALUES (10,1093,3183,'1959-02-17','1990-09-17',7);
INSERT INTO lease (`property_instance_id`, `rent`, `bond`, `lease_start`, `lease_end`, `rent_frequency`) VALUES (5,1600,3024,'1944-09-22','1976-10-06',13);
INSERT INTO lease (`property_instance_id`, `rent`, `bond`, `lease_start`, `lease_end`, `rent_frequency`) VALUES (9,1262,3026,'2001-12-18','1998-01-05',11);
INSERT INTO lease (`property_instance_id`, `rent`, `bond`, `lease_start`, `lease_end`, `rent_frequency`) VALUES (34,1655,3009,'1947-12-18','1976-11-18',9);
INSERT INTO lease (`property_instance_id`, `rent`, `bond`, `lease_start`, `lease_end`, `rent_frequency`) VALUES (32,1769,3016,'1977-08-17','1991-12-21',13);
INSERT INTO lease (`property_instance_id`, `rent`, `bond`, `lease_start`, `lease_end`, `rent_frequency`) VALUES (33,1928,3063,'1946-12-28','2001-02-26',9);
INSERT INTO lease (`property_instance_id`, `rent`, `bond`, `lease_start`, `lease_end`, `rent_frequency`) VALUES (2,1480,3024,'1954-01-03','1968-12-26',11);
INSERT INTO lease (`property_instance_id`, `rent`, `bond`, `lease_start`, `lease_end`, `rent_frequency`) VALUES (2,1543,3140,'1981-03-12','2004-07-30',12);
INSERT INTO lease (`property_instance_id`, `rent`, `bond`, `lease_start`, `lease_end`, `rent_frequency`) VALUES (8,1518,3250,'1964-08-23','1977-09-15',9);
INSERT INTO lease (`property_instance_id`, `rent`, `bond`, `lease_start`, `lease_end`, `rent_frequency`) VALUES (46,1077,3085,'1984-06-09','1982-06-28',13);
INSERT INTO lease (`property_instance_id`, `rent`, `bond`, `lease_start`, `lease_end`, `rent_frequency`) VALUES (12,1005,3126,'1980-07-05','1955-11-24',14);
INSERT INTO lease (`property_instance_id`, `rent`, `bond`, `lease_start`, `lease_end`, `rent_frequency`) VALUES (8,1649,3018,'1966-10-01','1956-07-11',9);
INSERT INTO lease (`property_instance_id`, `rent`, `bond`, `lease_start`, `lease_end`, `rent_frequency`) VALUES (27,1366,3108,'1971-12-13','1993-06-06',14);
INSERT INTO lease (`property_instance_id`, `rent`, `bond`, `lease_start`, `lease_end`, `rent_frequency`) VALUES (50,1519,3128,'1955-07-19','1952-09-17',14);
INSERT INTO lease (`property_instance_id`, `rent`, `bond`, `lease_start`, `lease_end`, `rent_frequency`) VALUES (37,1973,3169,'1949-01-06','1974-12-09',14);
INSERT INTO lease (`property_instance_id`, `rent`, `bond`, `lease_start`, `lease_end`, `rent_frequency`) VALUES (45,1653,3221,'1976-04-28','1947-03-16',9);
INSERT INTO client_lease (`lease_id`, `client_id`) VALUES (1,1);
INSERT INTO client_lease (`lease_id`, `client_id`) VALUES (2,2);
INSERT INTO client_lease (`lease_id`, `client_id`) VALUES (3,3);
INSERT INTO client_lease (`lease_id`, `client_id`) VALUES (4,4);
INSERT INTO client_lease (`lease_id`, `client_id`) VALUES (5,5);
INSERT INTO client_lease (`lease_id`, `client_id`) VALUES (6,6);
INSERT INTO client_lease (`lease_id`, `client_id`) VALUES (7,7);
INSERT INTO client_lease (`lease_id`, `client_id`) VALUES (8,8);
INSERT INTO client_lease (`lease_id`, `client_id`) VALUES (9,9);
INSERT INTO client_lease (`lease_id`, `client_id`) VALUES (10,10);
INSERT INTO client_lease (`lease_id`, `client_id`) VALUES (11,11);
INSERT INTO client_lease (`lease_id`, `client_id`) VALUES (12,12);
INSERT INTO client_lease (`lease_id`, `client_id`) VALUES (13,13);
INSERT INTO client_lease (`lease_id`, `client_id`) VALUES (14,14);
INSERT INTO client_lease (`lease_id`, `client_id`) VALUES (15,15);
INSERT INTO client_lease (`lease_id`, `client_id`) VALUES (16,16);
INSERT INTO client_lease (`lease_id`, `client_id`) VALUES (17,17);
INSERT INTO client_lease (`lease_id`, `client_id`) VALUES (18,18);
INSERT INTO client_lease (`lease_id`, `client_id`) VALUES (19,19);
INSERT INTO client_lease (`lease_id`, `client_id`) VALUES (20,20);
INSERT INTO client_lease (`lease_id`, `client_id`) VALUES (21,21);
INSERT INTO client_lease (`lease_id`, `client_id`) VALUES (22,22);
INSERT INTO client_lease (`lease_id`, `client_id`) VALUES (23,23);
INSERT INTO client_lease (`lease_id`, `client_id`) VALUES (24,24);
INSERT INTO client_lease (`lease_id`, `client_id`) VALUES (25,25);
INSERT INTO client_lease (`lease_id`, `client_id`) VALUES (26,26);
INSERT INTO client_lease (`lease_id`, `client_id`) VALUES (27,27);
INSERT INTO client_lease (`lease_id`, `client_id`) VALUES (28,28);
INSERT INTO client_lease (`lease_id`, `client_id`) VALUES (29,29);
INSERT INTO client_lease (`lease_id`, `client_id`) VALUES (30,30);
INSERT INTO client_lease (`lease_id`, `client_id`) VALUES (31,31);
INSERT INTO client_lease (`lease_id`, `client_id`) VALUES (32,32);
INSERT INTO client_lease (`lease_id`, `client_id`) VALUES (33,33);
INSERT INTO client_lease (`lease_id`, `client_id`) VALUES (34,34);
INSERT INTO client_lease (`lease_id`, `client_id`) VALUES (35,35);
INSERT INTO client_lease (`lease_id`, `client_id`) VALUES (36,36);
INSERT INTO client_lease (`lease_id`, `client_id`) VALUES (37,37);
INSERT INTO client_lease (`lease_id`, `client_id`) VALUES (38,38);
INSERT INTO client_lease (`lease_id`, `client_id`) VALUES (39,39);
INSERT INTO client_lease (`lease_id`, `client_id`) VALUES (40,40);
INSERT INTO client_lease (`lease_id`, `client_id`) VALUES (41,41);
INSERT INTO client_lease (`lease_id`, `client_id`) VALUES (42,42);
INSERT INTO client_lease (`lease_id`, `client_id`) VALUES (43,43);
INSERT INTO client_lease (`lease_id`, `client_id`) VALUES (44,44);
INSERT INTO client_lease (`lease_id`, `client_id`) VALUES (45,45);
INSERT INTO client_lease (`lease_id`, `client_id`) VALUES (46,46);
INSERT INTO client_lease (`lease_id`, `client_id`) VALUES (47,47);
INSERT INTO client_lease (`lease_id`, `client_id`) VALUES (48,48);
INSERT INTO client_lease (`lease_id`, `client_id`) VALUES (49,49);
INSERT INTO client_lease (`lease_id`, `client_id`) VALUES (50,50);
INSERT INTO client_lease (`lease_id`, `client_id`) VALUES (51,51);
INSERT INTO client_lease (`lease_id`, `client_id`) VALUES (52,52);
INSERT INTO client_lease (`lease_id`, `client_id`) VALUES (53,53);
INSERT INTO client_lease (`lease_id`, `client_id`) VALUES (54,54);
INSERT INTO client_lease (`lease_id`, `client_id`) VALUES (55,55);
INSERT INTO client_lease (`lease_id`, `client_id`) VALUES (56,56);
INSERT INTO client_lease (`lease_id`, `client_id`) VALUES (57,57);
INSERT INTO client_lease (`lease_id`, `client_id`) VALUES (58,58);
INSERT INTO client_lease (`lease_id`, `client_id`) VALUES (59,59);
INSERT INTO client_lease (`lease_id`, `client_id`) VALUES (60,60);
INSERT INTO client_lease (`lease_id`, `client_id`) VALUES (61,61);
INSERT INTO client_lease (`lease_id`, `client_id`) VALUES (62,62);
INSERT INTO client_lease (`lease_id`, `client_id`) VALUES (63,63);
INSERT INTO client_lease (`lease_id`, `client_id`) VALUES (64,64);
INSERT INTO client_lease (`lease_id`, `client_id`) VALUES (65,65);
INSERT INTO client_lease (`lease_id`, `client_id`) VALUES (66,66);
INSERT INTO client_lease (`lease_id`, `client_id`) VALUES (67,67);
INSERT INTO client_lease (`lease_id`, `client_id`) VALUES (68,68);
INSERT INTO client_lease (`lease_id`, `client_id`) VALUES (69,69);
INSERT INTO client_lease (`lease_id`, `client_id`) VALUES (70,70);
INSERT INTO client_lease (`lease_id`, `client_id`) VALUES (71,71);
INSERT INTO client_lease (`lease_id`, `client_id`) VALUES (72,72);
INSERT INTO client_lease (`lease_id`, `client_id`) VALUES (73,73);
INSERT INTO client_lease (`lease_id`, `client_id`) VALUES (74,74);
INSERT INTO client_lease (`lease_id`, `client_id`) VALUES (75,75);
INSERT INTO client_lease (`lease_id`, `client_id`) VALUES (76,76);
INSERT INTO client_lease (`lease_id`, `client_id`) VALUES (77,77);
INSERT INTO client_lease (`lease_id`, `client_id`) VALUES (78,78);
INSERT INTO client_lease (`lease_id`, `client_id`) VALUES (79,79);
INSERT INTO client_lease (`lease_id`, `client_id`) VALUES (80,80);
