INSERT INTO staff (`manager_id`, `first_name`, `last_name`, `phone`, `email`, `position`) VALUES (NULL,'Breanna','Bernier','07-523684-092138-1','Jamal.Kub88@yahoo.com','manager');
INSERT INTO staff (`manager_id`, `first_name`, `last_name`, `phone`, `email`, `position`) VALUES (NULL,'Troy','Terry','95-459182-674011-4','Courtney88@hotmail.com','manager');
INSERT INTO staff (`manager_id`, `first_name`, `last_name`, `phone`, `email`, `position`) VALUES (NULL,'Carlie','DAmore','65-872317-672823-8','Willis63@gmail.com','manager');
INSERT INTO staff (`manager_id`, `first_name`, `last_name`, `phone`, `email`, `position`) VALUES (0,'Marlee','Graham','81-443537-600226-1','Jettie_Kunde14@gmail.com','agent');
INSERT INTO staff (`manager_id`, `first_name`, `last_name`, `phone`, `email`, `position`) VALUES (1,'Layne','Bashirian','79-793490-358878-5','Corene.Hills@hotmail.com','agent');
INSERT INTO staff (`manager_id`, `first_name`, `last_name`, `phone`, `email`, `position`) VALUES (1,'Alyce','Lehner','67-893798-097422-8','Geraldine36@gmail.com','agent');
INSERT INTO staff (`manager_id`, `first_name`, `last_name`, `phone`, `email`, `position`) VALUES (3,'Joe','McClure','01-942344-113329-8','Angelina.Cruickshank@gmail.com','agent');
INSERT INTO staff (`manager_id`, `first_name`, `last_name`, `phone`, `email`, `position`) VALUES (2,'Adell','Johns','45-422558-964578-1','Alex_Kirlin59@gmail.com','agent');
INSERT INTO staff (`manager_id`, `first_name`, `last_name`, `phone`, `email`, `position`) VALUES (2,'Ambrose','Feest','44-065051-246456-1','Aniyah_Leffler@hotmail.com','agent');
INSERT INTO staff (`manager_id`, `first_name`, `last_name`, `phone`, `email`, `position`) VALUES (0,'Hoyt','OConnell','99-756443-918816-0','Dax.Hickle12@gmail.com','agent');
INSERT INTO staff (`manager_id`, `first_name`, `last_name`, `phone`, `email`, `position`) VALUES (0,'Ettie','Prohaska','88-583053-798910-5','Toy.Kiehn@hotmail.com','agent');
INSERT INTO staff (`manager_id`, `first_name`, `last_name`, `phone`, `email`, `position`) VALUES (2,'Chanel','Lehner','82-915385-376509-3','Christine.Glover@yahoo.com','agent');
INSERT INTO staff (`manager_id`, `first_name`, `last_name`, `phone`, `email`, `position`) VALUES (3,'Frederic','Robel','80-732308-710368-6','Dulce15@gmail.com','agent');
INSERT INTO staff (`manager_id`, `first_name`, `last_name`, `phone`, `email`, `position`) VALUES (0,'Dejon','Hermiston','22-132493-474861-4','Marcel_Schimmel@gmail.com','agent');
INSERT INTO staff (`manager_id`, `first_name`, `last_name`, `phone`, `email`, `position`) VALUES (0,'Jacynthe','Jaskolski','40-403194-911565-0','Benedict.Runolfsdottir@hotmail.com','agent');
INSERT INTO staff (`manager_id`, `first_name`, `last_name`, `phone`, `email`, `position`) VALUES (2,'Frederic','Romaguera','80-807230-669617-3','Aliya21@gmail.com','agent');
INSERT INTO staff (`manager_id`, `first_name`, `last_name`, `phone`, `email`, `position`) VALUES (2,'Erna','Bartell','10-806398-405926-0','Geraldine_McClure49@hotmail.com','agent');
INSERT INTO staff (`manager_id`, `first_name`, `last_name`, `phone`, `email`, `position`) VALUES (3,'Ivah','McLaughlin','92-096516-470847-2','Karen.Beatty6@yahoo.com','agent');
INSERT INTO staff (`manager_id`, `first_name`, `last_name`, `phone`, `email`, `position`) VALUES (0,'Jerome','DAmore','38-884010-532820-8','Arnoldo.Schroeder40@gmail.com','agent');
INSERT INTO staff (`manager_id`, `first_name`, `last_name`, `phone`, `email`, `position`) VALUES (3,'Zella','Hessel','51-467884-198758-1','Hertha12@hotmail.com','agent');
INSERT INTO branch (`manager_id`, `name`, `street`, `city`) VALUES (1,'Charley','62687 Altenwerth Knoll','DeKalb');
INSERT INTO branch (`manager_id`, `name`, `street`, `city`) VALUES (2,'Francisca','2478 Maiya Expressway','Considinemouth');
INSERT INTO branch (`manager_id`, `name`, `street`, `city`) VALUES (3,'Verona','349 Dicki Ridges','Juliencester');
INSERT INTO advertisment (`publisher`, `location`, `date`, `time`) VALUES ('Jerry Johnston','964 Will Road','2024-03-25','07:41:45');
INSERT INTO advertisment (`publisher`, `location`, `date`, `time`) VALUES ('May Gerhold','5467 Grady Motorway','2024-08-04','11:14:59');
INSERT INTO advertisment (`publisher`, `location`, `date`, `time`) VALUES ('Chester Morar','599 Bahringer Divide','2024-04-02','13:04:25');
INSERT INTO advertisment (`publisher`, `location`, `date`, `time`) VALUES ('Bernadette Kshlerin','770 Marjorie Valley','2024-02-29','18:47:54');
INSERT INTO advertisment (`publisher`, `location`, `date`, `time`) VALUES ('Myron Hauck','214 Raleigh Burgs','2024-02-11','09:45:59');
INSERT INTO advertisment (`publisher`, `location`, `date`, `time`) VALUES ('Sam Von','726 Sipes Crossing','2024-01-23','20:25:32');
INSERT INTO advertisment (`publisher`, `location`, `date`, `time`) VALUES ('Beatrice Ankunding','135 Kenny Glen','2024-06-26','00:58:07');
INSERT INTO advertisment (`publisher`, `location`, `date`, `time`) VALUES ('Ross Johnson','64239 Princess Street','2024-01-06','01:51:01');
INSERT INTO advertisment (`publisher`, `location`, `date`, `time`) VALUES ('Gerardo Kertzmann','26202 Euna Vista','2024-05-24','22:11:41');
INSERT INTO advertisment (`publisher`, `location`, `date`, `time`) VALUES ('Neal Heidenreich','5012 Waelchi Passage','2024-01-20','13:53:36');
INSERT INTO advertisment (`publisher`, `location`, `date`, `time`) VALUES ('Mr. Wendell Koelpin','126 Leonor Dale','2024-07-04','21:15:25');
INSERT INTO advertisment (`publisher`, `location`, `date`, `time`) VALUES ('Leona Barton','70013 Charles Street','2024-11-06','14:53:59');
INSERT INTO advertisment (`publisher`, `location`, `date`, `time`) VALUES ('Dr. Myron Casper','3222 Gleason Falls','2024-10-31','10:38:27');
INSERT INTO advertisment (`publisher`, `location`, `date`, `time`) VALUES ('Isaac Nader','65627 Ellie Springs','2024-06-30','11:34:09');
INSERT INTO advertisment (`publisher`, `location`, `date`, `time`) VALUES ('Latoya Robel','96748 W South Street','2024-05-15','05:01:50');
INSERT INTO advertisment (`publisher`, `location`, `date`, `time`) VALUES ('Wayne Parisian','8013 South Avenue','2024-10-05','19:42:32');
INSERT INTO advertisment (`publisher`, `location`, `date`, `time`) VALUES ('Ian Medhurst','30527 Reilly Squares','2024-09-24','18:49:36');
INSERT INTO advertisment (`publisher`, `location`, `date`, `time`) VALUES ('Anthony Haley-Hirthe Jr.','2961 Kitty Ville','2024-10-19','21:30:57');
INSERT INTO advertisment (`publisher`, `location`, `date`, `time`) VALUES ('Marsha Kub','18926 Rylee Park','2024-05-03','21:41:43');
INSERT INTO advertisment (`publisher`, `location`, `date`, `time`) VALUES ('Thelma Kohler','18338 Madison Avenue','2024-03-19','22:55:15');
INSERT INTO maintanence (`description`, `date`, `time`) VALUES ('Maintanence Description','2024-10-29','01:01:41');
INSERT INTO maintanence (`description`, `date`, `time`) VALUES ('Maintanence Description','2024-09-07','11:11:14');
INSERT INTO maintanence (`description`, `date`, `time`) VALUES ('Maintanence Description','2023-11-20','19:35:58');
INSERT INTO maintanence (`description`, `date`, `time`) VALUES ('Maintanence Description','2023-12-28','17:36:41');
INSERT INTO maintanence (`description`, `date`, `time`) VALUES ('Maintanence Description','2024-05-29','13:09:39');
INSERT INTO maintanence (`description`, `date`, `time`) VALUES ('Maintanence Description','2024-05-30','11:15:27');
INSERT INTO maintanence (`description`, `date`, `time`) VALUES ('Maintanence Description','2023-12-05','01:11:06');
INSERT INTO maintanence (`description`, `date`, `time`) VALUES ('Maintanence Description','2024-01-26','05:09:34');
INSERT INTO maintanence (`description`, `date`, `time`) VALUES ('Maintanence Description','2024-09-02','12:02:16');
INSERT INTO maintanence (`description`, `date`, `time`) VALUES ('Maintanence Description','2024-06-02','13:38:39');
INSERT INTO maintanence (`description`, `date`, `time`) VALUES ('Maintanence Description','2024-09-07','04:15:19');
INSERT INTO maintanence (`description`, `date`, `time`) VALUES ('Maintanence Description','2024-01-04','15:58:40');
INSERT INTO maintanence (`description`, `date`, `time`) VALUES ('Maintanence Description','2023-12-27','03:42:40');
INSERT INTO maintanence (`description`, `date`, `time`) VALUES ('Maintanence Description','2023-11-11','19:27:15');
INSERT INTO maintanence (`description`, `date`, `time`) VALUES ('Maintanence Description','2023-11-18','22:54:34');
INSERT INTO maintanence (`description`, `date`, `time`) VALUES ('Maintanence Description','2024-04-13','16:18:28');
INSERT INTO maintanence (`description`, `date`, `time`) VALUES ('Maintanence Description','2024-03-07','17:04:14');
INSERT INTO maintanence (`description`, `date`, `time`) VALUES ('Maintanence Description','2024-09-26','21:39:52');
INSERT INTO maintanence (`description`, `date`, `time`) VALUES ('Maintanence Description','2023-12-25','02:31:00');
INSERT INTO maintanence (`description`, `date`, `time`) VALUES ('Maintanence Description','2024-10-06','11:28:02');
INSERT INTO owner (`first_name`, `last_name`, `date_of_birth`, `phone`, `email`, `address`) VALUES ('Milan','McClure','1953-11-13','67-433578-002028-0','Elroy21@gmail.com','58601 Ernest Locks');
INSERT INTO owner (`first_name`, `last_name`, `date_of_birth`, `phone`, `email`, `address`) VALUES ('Eldora','Goodwin','1991-10-14','63-990894-426164-6','Tavares_OHara86@gmail.com','6191 Alexanne Extensions');
INSERT INTO owner (`first_name`, `last_name`, `date_of_birth`, `phone`, `email`, `address`) VALUES ('Josiane','Beatty','1996-05-07','26-274719-760134-6','Erick61@yahoo.com','295 Josh Court');
INSERT INTO owner (`first_name`, `last_name`, `date_of_birth`, `phone`, `email`, `address`) VALUES ('Emmitt','Kilback','1982-09-29','63-692950-993655-7','Agnes38@yahoo.com','735 Cole Cove');
INSERT INTO owner (`first_name`, `last_name`, `date_of_birth`, `phone`, `email`, `address`) VALUES ('Adrian','Olson','2004-10-10','51-543875-607882-0','Pietro.Mertz-Johnston@gmail.com','9238 Wyman Knoll');
INSERT INTO owner (`first_name`, `last_name`, `date_of_birth`, `phone`, `email`, `address`) VALUES ('Gerda','Harber','1943-04-08','60-041080-833961-3','Garnett61@yahoo.com','4168 Walker Forges');
INSERT INTO owner (`first_name`, `last_name`, `date_of_birth`, `phone`, `email`, `address`) VALUES ('Frieda','Bauch','1962-12-19','17-234365-782193-6','Marcus96@gmail.com','1585 Kuhlman Via');
INSERT INTO owner (`first_name`, `last_name`, `date_of_birth`, `phone`, `email`, `address`) VALUES ('Adrienne','Barton','1982-09-25','02-643390-976875-9','Chaz53@yahoo.com','959 Rolfson Gardens');
INSERT INTO owner (`first_name`, `last_name`, `date_of_birth`, `phone`, `email`, `address`) VALUES ('Marjolaine','Rice','1997-03-04','30-015781-098026-3','Keshawn65@gmail.com','64427 W Front Street');
INSERT INTO owner (`first_name`, `last_name`, `date_of_birth`, `phone`, `email`, `address`) VALUES ('Sydney','Lehner','1993-09-30','12-248795-634338-0','Augustine91@gmail.com','651 Howard Road');
INSERT INTO owner (`first_name`, `last_name`, `date_of_birth`, `phone`, `email`, `address`) VALUES ('Wilson','Jenkins','1952-03-21','07-758904-222506-0','Jeremy_Prosacco69@gmail.com','990 Rhea Mills');
INSERT INTO owner (`first_name`, `last_name`, `date_of_birth`, `phone`, `email`, `address`) VALUES ('Tre','Schneider','1990-09-29','20-249219-619628-6','Esteban_Leannon49@gmail.com','305 Meta Highway');
INSERT INTO owner (`first_name`, `last_name`, `date_of_birth`, `phone`, `email`, `address`) VALUES ('Cornelius','Purdy','1975-03-19','00-116938-431709-7','Casimir_Breitenberg@gmail.com','2755 Emmerich Streets');
INSERT INTO owner (`first_name`, `last_name`, `date_of_birth`, `phone`, `email`, `address`) VALUES ('Johan','Stamm','1978-03-05','27-554607-753300-8','Paige_Lind98@gmail.com','768 Nora Hills');
INSERT INTO owner (`first_name`, `last_name`, `date_of_birth`, `phone`, `email`, `address`) VALUES ('Carmen','Hoeger','1999-02-08','85-168021-648415-3','Jeromy61@gmail.com','230 Weissnat Crossroad');
INSERT INTO owner (`first_name`, `last_name`, `date_of_birth`, `phone`, `email`, `address`) VALUES ('Ila','Nolan','1951-11-07','01-699354-213399-4','Colin81@yahoo.com','8640 Nicklaus Neck');
INSERT INTO owner (`first_name`, `last_name`, `date_of_birth`, `phone`, `email`, `address`) VALUES ('Boyd','Veum','1980-07-18','16-303995-865812-3','Meggie23@yahoo.com','737 Anissa Alley');
INSERT INTO owner (`first_name`, `last_name`, `date_of_birth`, `phone`, `email`, `address`) VALUES ('Chesley','Langworth','1951-05-29','87-318012-465207-8','Kimberly65@yahoo.com','9082 Douglas Road');
INSERT INTO owner (`first_name`, `last_name`, `date_of_birth`, `phone`, `email`, `address`) VALUES ('Ola','Thiel','1988-01-07','71-195186-255817-2','Syble.Nicolas67@hotmail.com','73865 Balmoral Road');
INSERT INTO owner (`first_name`, `last_name`, `date_of_birth`, `phone`, `email`, `address`) VALUES ('Santino','Murphy','1975-02-08','39-496659-317090-1','Kay.Zulauf22@hotmail.com','50020 York Road');
INSERT INTO owner (`first_name`, `last_name`, `date_of_birth`, `phone`, `email`, `address`) VALUES ('Morgan','Bashirian','1950-10-11','61-195143-406082-3','Jacquelyn93@yahoo.com','179 Jerde Locks');
INSERT INTO owner (`first_name`, `last_name`, `date_of_birth`, `phone`, `email`, `address`) VALUES ('Chauncey','Nader','1963-05-21','49-960762-150977-7','Raegan0@gmail.com','1992 Station Street');
INSERT INTO owner (`first_name`, `last_name`, `date_of_birth`, `phone`, `email`, `address`) VALUES ('Florida','Ledner','1975-02-12','70-633467-838132-8','Amber.Emard@yahoo.com','3530 S Front Street');
INSERT INTO owner (`first_name`, `last_name`, `date_of_birth`, `phone`, `email`, `address`) VALUES ('Bette','McKenzie','1987-01-23','55-799173-177446-6','Jena.Mayert@hotmail.com','437 Eldred Valley');
INSERT INTO owner (`first_name`, `last_name`, `date_of_birth`, `phone`, `email`, `address`) VALUES ('Yasmin','Conn','1959-04-19','60-485792-869548-8','Enos.Lang@yahoo.com','8413 Kozey Fords');
INSERT INTO owner (`first_name`, `last_name`, `date_of_birth`, `phone`, `email`, `address`) VALUES ('Eladio','Leannon','1974-05-11','94-369784-239027-3','Otho13@yahoo.com','6393 East Road');
INSERT INTO owner (`first_name`, `last_name`, `date_of_birth`, `phone`, `email`, `address`) VALUES ('Margret','Glover','1991-04-27','09-594312-469057-6','Hanna.Fay@yahoo.com','4349 Bernita Pines');
INSERT INTO owner (`first_name`, `last_name`, `date_of_birth`, `phone`, `email`, `address`) VALUES ('Vincenzo','Jaskolski','2001-11-20','37-240171-570029-0','Alexandra.Greenholt42@gmail.com','1983 Grace Forges');
INSERT INTO owner (`first_name`, `last_name`, `date_of_birth`, `phone`, `email`, `address`) VALUES ('Kelli','Murphy','1981-05-16','74-006931-555960-9','Jaleel.MacGyver59@gmail.com','4316 Wisozk Extensions');
INSERT INTO owner (`first_name`, `last_name`, `date_of_birth`, `phone`, `email`, `address`) VALUES ('Cecile','OHara','1981-01-18','45-939921-100820-8','Jerald_Dietrich@yahoo.com','16044 N 3rd Street');
INSERT INTO owner (`first_name`, `last_name`, `date_of_birth`, `phone`, `email`, `address`) VALUES ('Tiara','Reynolds','1955-02-15','81-035251-643462-3','Megane78@gmail.com','94673 Park Road');
INSERT INTO owner (`first_name`, `last_name`, `date_of_birth`, `phone`, `email`, `address`) VALUES ('Elta','Schaefer','2005-09-20','49-319365-895431-5','Alfonzo_Simonis42@yahoo.com','244 Franecki Club');
INSERT INTO owner (`first_name`, `last_name`, `date_of_birth`, `phone`, `email`, `address`) VALUES ('Joany','Murazik','2002-12-01','16-947975-083856-0','Syble_Littel41@yahoo.com','421 Pagac Courts');
INSERT INTO owner (`first_name`, `last_name`, `date_of_birth`, `phone`, `email`, `address`) VALUES ('Oswald','Collins','1950-10-26','26-962252-172950-6','Cecelia59@hotmail.com','912 Stanley Road');
INSERT INTO owner (`first_name`, `last_name`, `date_of_birth`, `phone`, `email`, `address`) VALUES ('Maverick','Cronin','1966-11-20','80-170777-165204-8','Ulices_Boyle@gmail.com','649 Fritsch Forest');
INSERT INTO owner (`first_name`, `last_name`, `date_of_birth`, `phone`, `email`, `address`) VALUES ('Deon','Prosacco','1963-08-14','59-261695-914062-2','Christop92@gmail.com','523 Maurice Loaf');
INSERT INTO owner (`first_name`, `last_name`, `date_of_birth`, `phone`, `email`, `address`) VALUES ('Allene','OReilly','2002-04-27','90-124441-255642-9','Marguerite_Ondricka@hotmail.com','6560 Juvenal Creek');
INSERT INTO owner (`first_name`, `last_name`, `date_of_birth`, `phone`, `email`, `address`) VALUES ('Kassandra','Hagenes','1961-07-25','75-172232-430535-8','Ezra4@hotmail.com','19675 Moss Lane');
INSERT INTO owner (`first_name`, `last_name`, `date_of_birth`, `phone`, `email`, `address`) VALUES ('Cathrine','Schroeder','1980-02-05','43-509207-707951-7','Roel99@hotmail.com','70644 Christiansen Fields');
INSERT INTO owner (`first_name`, `last_name`, `date_of_birth`, `phone`, `email`, `address`) VALUES ('Ahmed','Bradtke','1976-09-10','21-190317-720762-8','Sonny.Kihn@hotmail.com','284 Collier Key');
INSERT INTO owner (`first_name`, `last_name`, `date_of_birth`, `phone`, `email`, `address`) VALUES ('Gennaro','Prosacco','1952-09-01','78-872404-693274-8','Brett.Koch7@hotmail.com','822 Main Street');
INSERT INTO owner (`first_name`, `last_name`, `date_of_birth`, `phone`, `email`, `address`) VALUES ('Emelie','Dibbert','1986-11-12','57-760018-228988-4','Krystel.Kunde57@gmail.com','749 Mohr Fall');
INSERT INTO owner (`first_name`, `last_name`, `date_of_birth`, `phone`, `email`, `address`) VALUES ('Fernando','Wiegand','1949-10-16','27-898888-835847-1','Christian.Roob@gmail.com','3827 Vesta Highway');
INSERT INTO owner (`first_name`, `last_name`, `date_of_birth`, `phone`, `email`, `address`) VALUES ('Eriberto','Skiles','1996-05-08','23-249975-546786-1','Kieran.Champlin@hotmail.com','348 Dooley Shoal');
INSERT INTO owner (`first_name`, `last_name`, `date_of_birth`, `phone`, `email`, `address`) VALUES ('Alexane','Reinger','1943-10-08','38-607321-510699-9','Baby.Gerlach0@gmail.com','567 Maxime Mill');
INSERT INTO owner (`first_name`, `last_name`, `date_of_birth`, `phone`, `email`, `address`) VALUES ('Eugenia','Langworth','1969-10-30','17-664523-196368-7','Erna.Stanton33@hotmail.com','5488 Valentine Trafficway');
INSERT INTO owner (`first_name`, `last_name`, `date_of_birth`, `phone`, `email`, `address`) VALUES ('Lorena','Harvey','1982-03-03','25-629154-343805-1','Rosanna.Goyette54@gmail.com','5449 Frontage Road');
INSERT INTO owner (`first_name`, `last_name`, `date_of_birth`, `phone`, `email`, `address`) VALUES ('Conrad','Bahringer','1972-12-18','64-792841-339393-6','German23@hotmail.com','8863 Stanley Road');
INSERT INTO owner (`first_name`, `last_name`, `date_of_birth`, `phone`, `email`, `address`) VALUES ('Hanna','Dietrich','1970-09-25','22-978620-328294-1','Mikayla_Bogisich@hotmail.com','53741 Zelma Mews');
INSERT INTO owner (`first_name`, `last_name`, `date_of_birth`, `phone`, `email`, `address`) VALUES ('Graciela','Ondricka','1970-11-03','90-015455-949796-7','Lavina.Ebert90@yahoo.com','283 Kailyn Locks');
INSERT INTO client (`first_name`, `last_name`, `date_of_birth`, `phone`, `email`, `address`, `tenant`) VALUES ('Zander','OHara','1946-12-06','86-586375-734718-7','Bennett72@gmail.com','7153 Manor Road',0);
INSERT INTO client (`first_name`, `last_name`, `date_of_birth`, `phone`, `email`, `address`, `tenant`) VALUES ('Derick','Mohr','1983-06-02','27-219971-759434-6','Brionna_Nolan61@hotmail.com','929 W Pine Street',1);
INSERT INTO client (`first_name`, `last_name`, `date_of_birth`, `phone`, `email`, `address`, `tenant`) VALUES ('Emanuel','Langworth','1998-06-19','99-196653-900928-5','Alexandre.Schumm27@yahoo.com','93797 Beier Lock',1);
INSERT INTO client (`first_name`, `last_name`, `date_of_birth`, `phone`, `email`, `address`, `tenant`) VALUES ('Marina','OConnell','1950-09-12','54-330761-317648-9','Kathlyn_Denesik@yahoo.com','889 Abe Forge',0);
INSERT INTO client (`first_name`, `last_name`, `date_of_birth`, `phone`, `email`, `address`, `tenant`) VALUES ('Liza','Lowe','1985-01-28','13-061466-015439-5','Fredy83@gmail.com','94515 W High Street',0);
INSERT INTO client (`first_name`, `last_name`, `date_of_birth`, `phone`, `email`, `address`, `tenant`) VALUES ('Maryjane','Leuschke','2000-05-20','70-306416-769291-8','Florida_Koepp7@gmail.com','304 Octavia Stravenue',0);
INSERT INTO client (`first_name`, `last_name`, `date_of_birth`, `phone`, `email`, `address`, `tenant`) VALUES ('Oren','Rogahn','1952-02-21','28-597599-090354-3','Frank51@gmail.com','755 W 4th Street',1);
INSERT INTO client (`first_name`, `last_name`, `date_of_birth`, `phone`, `email`, `address`, `tenant`) VALUES ('Nikki','Schiller','1982-01-03','37-862094-951594-3','Stephanie.Collier@hotmail.com','823 Glover Track',1);
INSERT INTO client (`first_name`, `last_name`, `date_of_birth`, `phone`, `email`, `address`, `tenant`) VALUES ('Keeley','Heaney','1964-04-02','97-712394-732245-8','Brenden89@gmail.com','89106 Church Path',0);
INSERT INTO client (`first_name`, `last_name`, `date_of_birth`, `phone`, `email`, `address`, `tenant`) VALUES ('Emanuel','Kuhlman-Dicki','1975-02-12','86-910075-826509-2','Alda.Balistreri40@hotmail.com','43381 Old Military Road',0);
INSERT INTO client (`first_name`, `last_name`, `date_of_birth`, `phone`, `email`, `address`, `tenant`) VALUES ('Kiarra','OConner','1962-11-28','26-502994-326306-0','Ashleigh99@gmail.com','92302 Lowe Forge',0);
INSERT INTO client (`first_name`, `last_name`, `date_of_birth`, `phone`, `email`, `address`, `tenant`) VALUES ('Norval','Price','1998-03-19','43-120812-949406-6','Josephine80@gmail.com','47138 Anderson Vista',0);
INSERT INTO client (`first_name`, `last_name`, `date_of_birth`, `phone`, `email`, `address`, `tenant`) VALUES ('Norma','Dare','1971-10-22','71-222244-655158-1','Maryse13@yahoo.com','309 Mulberry Street',1);
INSERT INTO client (`first_name`, `last_name`, `date_of_birth`, `phone`, `email`, `address`, `tenant`) VALUES ('Felix','Kreiger','1991-02-02','68-547249-557094-0','Maximilian_Gleichner@yahoo.com','3124 N State Street',1);
INSERT INTO client (`first_name`, `last_name`, `date_of_birth`, `phone`, `email`, `address`, `tenant`) VALUES ('Agustina','Deckow','1950-09-28','84-816420-726255-1','Teresa_Spinka43@gmail.com','1516 Leo Parkway',1);
INSERT INTO client (`first_name`, `last_name`, `date_of_birth`, `phone`, `email`, `address`, `tenant`) VALUES ('Constance','Schuppe','1968-10-04','56-950682-438822-6','Myrtie62@yahoo.com','3525 Castle Road',0);
INSERT INTO client (`first_name`, `last_name`, `date_of_birth`, `phone`, `email`, `address`, `tenant`) VALUES ('Tamia','Mosciski','1957-01-23','43-516886-942175-0','Orrin_Hettinger@yahoo.com','439 E 3rd Street',0);
INSERT INTO client (`first_name`, `last_name`, `date_of_birth`, `phone`, `email`, `address`, `tenant`) VALUES ('Janis','Johnson','2005-07-17','21-255381-288051-8','Joanny.Von37@hotmail.com','953 Osinski Union',1);
INSERT INTO client (`first_name`, `last_name`, `date_of_birth`, `phone`, `email`, `address`, `tenant`) VALUES ('Parker','Lehner','1999-01-06','58-137123-777469-2','Rogers92@yahoo.com','745 Leonor Lakes',0);
INSERT INTO client (`first_name`, `last_name`, `date_of_birth`, `phone`, `email`, `address`, `tenant`) VALUES ('Celia','Douglas','1993-06-10','73-559546-597875-8','Edison_Klein48@gmail.com','44213 Cherry Tree Close',0);
INSERT INTO client (`first_name`, `last_name`, `date_of_birth`, `phone`, `email`, `address`, `tenant`) VALUES ('Jamey','Wyman','1962-04-03','81-203389-329744-9','Cesar.Greenfelder81@yahoo.com','4974 Beatty Villages',1);
INSERT INTO client (`first_name`, `last_name`, `date_of_birth`, `phone`, `email`, `address`, `tenant`) VALUES ('Kian','Hintz-Senger','1944-08-22','00-268477-204938-2','Keara75@yahoo.com','5083 Cedar Street',1);
INSERT INTO client (`first_name`, `last_name`, `date_of_birth`, `phone`, `email`, `address`, `tenant`) VALUES ('Brady','Bechtelar','2001-01-16','87-114853-705132-1','Nasir83@gmail.com','9602 Bailey Mount',0);
INSERT INTO client (`first_name`, `last_name`, `date_of_birth`, `phone`, `email`, `address`, `tenant`) VALUES ('Eugenia','Lesch','1958-01-13','41-329218-907371-5','Kylee54@hotmail.com','438 Jackson Avenue',1);
INSERT INTO client (`first_name`, `last_name`, `date_of_birth`, `phone`, `email`, `address`, `tenant`) VALUES ('Emmanuel','Bechtelar','1968-05-23','36-377525-741861-4','Bradly58@yahoo.com','348 Pfeffer Drive',1);
INSERT INTO client (`first_name`, `last_name`, `date_of_birth`, `phone`, `email`, `address`, `tenant`) VALUES ('Willa','Bradtke','2005-08-28','04-968894-728606-3','Jillian.Huels35@yahoo.com','64753 E Jackson Street',0);
INSERT INTO client (`first_name`, `last_name`, `date_of_birth`, `phone`, `email`, `address`, `tenant`) VALUES ('Zoie','Bechtelar-Heidenreich','1965-06-22','72-315732-822923-6','Arely87@gmail.com','44672 Aufderhar Junction',1);
INSERT INTO client (`first_name`, `last_name`, `date_of_birth`, `phone`, `email`, `address`, `tenant`) VALUES ('Aric','McGlynn','1947-10-22','78-295657-553153-5','Jacquelyn.Grant@gmail.com','2444 Washington Street',1);
INSERT INTO client (`first_name`, `last_name`, `date_of_birth`, `phone`, `email`, `address`, `tenant`) VALUES ('Patricia','Zboncak','1966-11-27','02-123741-711712-7','Otho90@yahoo.com','5852 Mona Brook',0);
INSERT INTO client (`first_name`, `last_name`, `date_of_birth`, `phone`, `email`, `address`, `tenant`) VALUES ('Myriam','Little-Pollich','1983-01-16','19-381793-089988-9','Orval15@hotmail.com','5491 Schmeler Alley',0);
INSERT INTO client (`first_name`, `last_name`, `date_of_birth`, `phone`, `email`, `address`, `tenant`) VALUES ('Carlie','Gerlach','1998-05-29','88-194695-207246-8','Jedidiah.Schmitt0@hotmail.com','7636 College Avenue',1);
INSERT INTO client (`first_name`, `last_name`, `date_of_birth`, `phone`, `email`, `address`, `tenant`) VALUES ('Joannie','Hintz','1994-11-14','45-767493-088885-4','Bobbie13@yahoo.com','4612 Pound Lane',0);
INSERT INTO client (`first_name`, `last_name`, `date_of_birth`, `phone`, `email`, `address`, `tenant`) VALUES ('Estel','Reinger','1983-10-07','15-075730-597402-7','Daryl71@hotmail.com','58777 Hand Camp',1);
INSERT INTO client (`first_name`, `last_name`, `date_of_birth`, `phone`, `email`, `address`, `tenant`) VALUES ('Genevieve','Ullrich','1977-01-02','81-997591-405633-2','Abdiel80@yahoo.com','28964 Albion Street',0);
INSERT INTO client (`first_name`, `last_name`, `date_of_birth`, `phone`, `email`, `address`, `tenant`) VALUES ('Elsa','McLaughlin-Kulas','1974-10-24','47-785426-007396-4','Millie_Hickle7@gmail.com','293 Lowell Keys',0);
INSERT INTO client (`first_name`, `last_name`, `date_of_birth`, `phone`, `email`, `address`, `tenant`) VALUES ('Maye','West','1985-06-05','04-058587-450912-0','Phoebe_OKeefe61@gmail.com','281 Ted Lights',1);
INSERT INTO client (`first_name`, `last_name`, `date_of_birth`, `phone`, `email`, `address`, `tenant`) VALUES ('Morgan','Kessler','1965-10-04','34-015448-611040-0','Ansley16@gmail.com','194 Kirlin Mills',1);
INSERT INTO client (`first_name`, `last_name`, `date_of_birth`, `phone`, `email`, `address`, `tenant`) VALUES ('Cristobal','Hackett','1982-02-23','69-802425-034715-7','Isac.Schuppe@hotmail.com','73398 Daniel Forks',0);
INSERT INTO client (`first_name`, `last_name`, `date_of_birth`, `phone`, `email`, `address`, `tenant`) VALUES ('Jazlyn','Funk','1994-06-30','75-149298-385520-6','Lyla34@yahoo.com','70905 Jeramie Divide',0);
INSERT INTO client (`first_name`, `last_name`, `date_of_birth`, `phone`, `email`, `address`, `tenant`) VALUES ('Zena','King','1994-05-01','79-958387-924573-6','Bobby.Larkin77@gmail.com','5282 Cathryn Path',1);
INSERT INTO client (`first_name`, `last_name`, `date_of_birth`, `phone`, `email`, `address`, `tenant`) VALUES ('Peggie','Daugherty','1966-11-06','01-833033-069176-8','Stephanie.Hermann26@gmail.com','73234 Brannon Orchard',1);
INSERT INTO client (`first_name`, `last_name`, `date_of_birth`, `phone`, `email`, `address`, `tenant`) VALUES ('Gina','Ferry-Brekke','1987-05-18','95-953204-933128-6','Sage.Hayes23@gmail.com','561 Marta Track',1);
INSERT INTO client (`first_name`, `last_name`, `date_of_birth`, `phone`, `email`, `address`, `tenant`) VALUES ('Abe','Hackett','1969-09-30','87-601722-319097-1','Nina41@gmail.com','646 Grove Road',1);
INSERT INTO client (`first_name`, `last_name`, `date_of_birth`, `phone`, `email`, `address`, `tenant`) VALUES ('Neha','Windler','1994-11-16','02-286915-142352-4','Josephine_Kunde96@gmail.com','424 E Union Street',1);
INSERT INTO client (`first_name`, `last_name`, `date_of_birth`, `phone`, `email`, `address`, `tenant`) VALUES ('Roman','Glover','1997-06-01','22-366130-316728-2','Caden.Ratke26@yahoo.com','5404 Ebert Oval',1);
INSERT INTO client (`first_name`, `last_name`, `date_of_birth`, `phone`, `email`, `address`, `tenant`) VALUES ('Cathryn','Blanda','1999-12-11','21-011106-486047-2','Gregg.Bednar84@hotmail.com','13364 MacGyver Meadows',0);
INSERT INTO client (`first_name`, `last_name`, `date_of_birth`, `phone`, `email`, `address`, `tenant`) VALUES ('Lisette','Waelchi','1969-03-14','01-487197-641512-3','Michelle35@gmail.com','217 Marina Green',0);
INSERT INTO client (`first_name`, `last_name`, `date_of_birth`, `phone`, `email`, `address`, `tenant`) VALUES ('Florencio','Feil','1948-07-25','67-332536-443811-6','Estevan_Thompson@yahoo.com','872 Alta Trail',1);
INSERT INTO client (`first_name`, `last_name`, `date_of_birth`, `phone`, `email`, `address`, `tenant`) VALUES ('Cristal','Watsica','1984-06-01','19-801709-587124-6','Eve49@yahoo.com','9284 W 8th Street',0);
INSERT INTO client (`first_name`, `last_name`, `date_of_birth`, `phone`, `email`, `address`, `tenant`) VALUES ('Ryder','Cronin','1991-04-24','92-530696-862483-6','Lucio79@hotmail.com','598 W 6th Avenue',0);
INSERT INTO client (`first_name`, `last_name`, `date_of_birth`, `phone`, `email`, `address`, `tenant`) VALUES ('Garfield','Considine','1947-04-08','76-707891-003075-7','Kelsi68@gmail.com','6087 Mitchel Lodge',0);
INSERT INTO client (`first_name`, `last_name`, `date_of_birth`, `phone`, `email`, `address`, `tenant`) VALUES ('Derick','Weber','1962-03-23','67-537941-081435-6','Bernard_Marks29@yahoo.com','531 Abner Manor',1);
INSERT INTO client (`first_name`, `last_name`, `date_of_birth`, `phone`, `email`, `address`, `tenant`) VALUES ('Ruthe','Dicki','1953-05-23','01-464147-286186-8','Helena.Blanda-Shanahan51@gmail.com','2051 Bernita Place',0);
INSERT INTO client (`first_name`, `last_name`, `date_of_birth`, `phone`, `email`, `address`, `tenant`) VALUES ('Beau','Kreiger','1946-05-01','92-456138-706812-9','Marcelino_Gusikowski43@gmail.com','50467 Loren Creek',1);
INSERT INTO client (`first_name`, `last_name`, `date_of_birth`, `phone`, `email`, `address`, `tenant`) VALUES ('Manley','Rogahn','1997-01-20','83-742362-399596-9','Delpha25@gmail.com','3594 Michaela Forest',0);
INSERT INTO client (`first_name`, `last_name`, `date_of_birth`, `phone`, `email`, `address`, `tenant`) VALUES ('Cristobal','Reichert','1983-12-28','97-053817-834497-9','Barbara_Larkin68@gmail.com','228 Tillman Mountains',0);
INSERT INTO client (`first_name`, `last_name`, `date_of_birth`, `phone`, `email`, `address`, `tenant`) VALUES ('Jeremy','Boyle','1988-08-24','32-540076-109329-3','Darrin15@gmail.com','605 Ratke Union',1);
INSERT INTO client (`first_name`, `last_name`, `date_of_birth`, `phone`, `email`, `address`, `tenant`) VALUES ('Jaycee','Champlin','1950-03-22','30-831530-475621-7','Deshaun12@yahoo.com','289 Seth Knoll',1);
INSERT INTO client (`first_name`, `last_name`, `date_of_birth`, `phone`, `email`, `address`, `tenant`) VALUES ('Coby','Cassin','1972-05-02','23-369152-081224-4','Alfredo_Hoppe-Cole54@yahoo.com','952 Hegmann Gateway',0);
INSERT INTO client (`first_name`, `last_name`, `date_of_birth`, `phone`, `email`, `address`, `tenant`) VALUES ('Jasen','Schiller','2001-08-24','38-803443-433419-0','Molly.Prohaska@yahoo.com','564 Ashtyn Port',1);
INSERT INTO client (`first_name`, `last_name`, `date_of_birth`, `phone`, `email`, `address`, `tenant`) VALUES ('Alden','Bechtelar','1961-03-16','06-019544-128173-5','Neal24@yahoo.com','3403 Thurman Village',0);
INSERT INTO client (`first_name`, `last_name`, `date_of_birth`, `phone`, `email`, `address`, `tenant`) VALUES ('Deondre','Douglas','1992-03-12','84-441985-371147-3','Seth.Yost@gmail.com','583 Candido Ferry',1);
INSERT INTO client (`first_name`, `last_name`, `date_of_birth`, `phone`, `email`, `address`, `tenant`) VALUES ('Vivian','Altenwerth','1981-07-22','83-400977-598953-9','Adolfo_Waters@gmail.com','6916 Beach Road',0);
INSERT INTO client (`first_name`, `last_name`, `date_of_birth`, `phone`, `email`, `address`, `tenant`) VALUES ('Dell','Witting','2002-06-25','09-535172-198149-9','Santos.Shields@hotmail.com','15812 Reed Cove',0);
INSERT INTO client (`first_name`, `last_name`, `date_of_birth`, `phone`, `email`, `address`, `tenant`) VALUES ('Renee','Douglas','1974-01-20','34-150979-032358-6','Scot65@hotmail.com','74429 Hermiston Ports',1);
INSERT INTO client (`first_name`, `last_name`, `date_of_birth`, `phone`, `email`, `address`, `tenant`) VALUES ('Jamir','Schamberger','1948-06-30','53-469119-030103-7','Celia.Collins45@hotmail.com','286 Frontage Road',0);
INSERT INTO client (`first_name`, `last_name`, `date_of_birth`, `phone`, `email`, `address`, `tenant`) VALUES ('Cora','Lynch','1948-05-07','93-070683-238342-3','Marley_Huels58@gmail.com','8201 Ericka Cove',1);
INSERT INTO client (`first_name`, `last_name`, `date_of_birth`, `phone`, `email`, `address`, `tenant`) VALUES ('Verna','Hansen','1945-10-26','57-258549-383767-6','Ramon_Morar76@hotmail.com','619 N Poplar Street',0);
INSERT INTO client (`first_name`, `last_name`, `date_of_birth`, `phone`, `email`, `address`, `tenant`) VALUES ('Johnathan','VonRueden','1983-03-24','37-484788-433250-5','Christina99@gmail.com','281 N Court Street',0);
INSERT INTO client (`first_name`, `last_name`, `date_of_birth`, `phone`, `email`, `address`, `tenant`) VALUES ('Laila','Anderson','1983-11-01','21-249980-718911-1','Shannon.Schamberger88@yahoo.com','8779 Ramiro Circles',1);
INSERT INTO client (`first_name`, `last_name`, `date_of_birth`, `phone`, `email`, `address`, `tenant`) VALUES ('Halie','Gerlach','1977-03-13','00-703900-217700-5','Peter_Graham20@gmail.com','718 Emmy Rapids',1);
INSERT INTO client (`first_name`, `last_name`, `date_of_birth`, `phone`, `email`, `address`, `tenant`) VALUES ('Logan','Langosh','1962-12-31','21-612552-566966-4','Gerard63@hotmail.com','5292 Moen Haven',0);
INSERT INTO client (`first_name`, `last_name`, `date_of_birth`, `phone`, `email`, `address`, `tenant`) VALUES ('Dante','Heaney','1959-06-28','64-221763-673489-3','Abigayle17@hotmail.com','604 McGlynn Wall',1);
INSERT INTO client (`first_name`, `last_name`, `date_of_birth`, `phone`, `email`, `address`, `tenant`) VALUES ('Lela','OConner','1944-01-20','46-484476-610577-9','Filiberto_Aufderhar@hotmail.com','9243 Berge Place',1);
INSERT INTO client (`first_name`, `last_name`, `date_of_birth`, `phone`, `email`, `address`, `tenant`) VALUES ('Jose','Harvey','1961-12-24','81-482599-079539-1','Timmothy_Gutmann82@yahoo.com','7455 Russel Road',1);
INSERT INTO client (`first_name`, `last_name`, `date_of_birth`, `phone`, `email`, `address`, `tenant`) VALUES ('Manuel','Goodwin','1973-09-19','31-494806-460121-5','Ericka80@yahoo.com','1092 Stamm Crossing',1);
INSERT INTO client (`first_name`, `last_name`, `date_of_birth`, `phone`, `email`, `address`, `tenant`) VALUES ('Gisselle','Runolfsson','1998-06-24','06-728850-561138-5','Granville91@gmail.com','43374 Treutel Garden',0);
INSERT INTO client (`first_name`, `last_name`, `date_of_birth`, `phone`, `email`, `address`, `tenant`) VALUES ('Verna','Bergstrom','1951-08-26','10-420681-186150-7','Jason_Grant@hotmail.com','3903 Russel Parks',1);
INSERT INTO client (`first_name`, `last_name`, `date_of_birth`, `phone`, `email`, `address`, `tenant`) VALUES ('Devonte','Goodwin','1985-07-14','79-610363-116675-8','Ayla28@hotmail.com','59466 Kamille Rapid',1);
INSERT INTO client (`first_name`, `last_name`, `date_of_birth`, `phone`, `email`, `address`, `tenant`) VALUES ('Elmore','Grady','1983-10-25','14-823926-634922-1','Tess56@yahoo.com','27963 Cassin Shore',0);
INSERT INTO client (`first_name`, `last_name`, `date_of_birth`, `phone`, `email`, `address`, `tenant`) VALUES ('Obie','Bergnaum','1959-07-29','40-227673-381354-7','Chance_Schroeder29@hotmail.com','9775 Colt Inlet',1);
INSERT INTO client (`first_name`, `last_name`, `date_of_birth`, `phone`, `email`, `address`, `tenant`) VALUES ('Joyce','Borer','1944-03-25','23-443590-299435-5','Darien58@yahoo.com','7453 Forest Avenue',1);
INSERT INTO client (`first_name`, `last_name`, `date_of_birth`, `phone`, `email`, `address`, `tenant`) VALUES ('Colton','Fisher','1978-03-12','08-044271-317726-6','Katarina14@gmail.com','8287 Yessenia Trafficway',0);
INSERT INTO client (`first_name`, `last_name`, `date_of_birth`, `phone`, `email`, `address`, `tenant`) VALUES ('Kian','Heller','1948-02-21','04-862611-576067-6','Jaleel_Fahey@yahoo.com','148 London Road',0);
INSERT INTO client (`first_name`, `last_name`, `date_of_birth`, `phone`, `email`, `address`, `tenant`) VALUES ('Wilber','Fay','1960-04-10','27-507722-658879-2','Kaya38@gmail.com','61187 Harold Islands',0);
INSERT INTO client (`first_name`, `last_name`, `date_of_birth`, `phone`, `email`, `address`, `tenant`) VALUES ('Antone','Jakubowski','1970-11-02','22-464600-860224-5','Anthony74@hotmail.com','254 N 6th Street',1);
INSERT INTO client (`first_name`, `last_name`, `date_of_birth`, `phone`, `email`, `address`, `tenant`) VALUES ('Vaughn','Donnelly','1971-03-25','01-647670-252544-9','Jakayla.Wisoky@gmail.com','5865 Juniper Close',0);
INSERT INTO client (`first_name`, `last_name`, `date_of_birth`, `phone`, `email`, `address`, `tenant`) VALUES ('Deshaun','Ondricka','1951-09-18','42-123378-513191-1','Lonnie32@yahoo.com','7622 Erwin Shoal',1);
INSERT INTO client (`first_name`, `last_name`, `date_of_birth`, `phone`, `email`, `address`, `tenant`) VALUES ('Harrison','Schimmel','1952-12-13','79-114747-660351-1','Justus.McGlynn92@gmail.com','78395 Hawthorn Avenue',1);
INSERT INTO client (`first_name`, `last_name`, `date_of_birth`, `phone`, `email`, `address`, `tenant`) VALUES ('Dandre','Grant','1966-07-03','61-525461-186046-1','Mandy_Beier84@gmail.com','389 Larson Ramp',1);
INSERT INTO client (`first_name`, `last_name`, `date_of_birth`, `phone`, `email`, `address`, `tenant`) VALUES ('Dedric','Leuschke','1965-11-20','55-789875-985440-3','Katlynn48@gmail.com','39667 N 5th Street',1);
INSERT INTO client (`first_name`, `last_name`, `date_of_birth`, `phone`, `email`, `address`, `tenant`) VALUES ('Samantha','Sanford','2003-01-05','17-636177-037247-6','Lee38@gmail.com','782 15th Street',0);
INSERT INTO client (`first_name`, `last_name`, `date_of_birth`, `phone`, `email`, `address`, `tenant`) VALUES ('Verla','Bernier','1970-12-10','65-497746-566087-4','Jillian_Hegmann@yahoo.com','32419 Linda Avenue',0);
INSERT INTO client (`first_name`, `last_name`, `date_of_birth`, `phone`, `email`, `address`, `tenant`) VALUES ('Jewell','Zboncak','1983-08-21','55-324745-176355-9','Jayme_Treutel63@gmail.com','74372 Carroll Circle',1);
INSERT INTO client (`first_name`, `last_name`, `date_of_birth`, `phone`, `email`, `address`, `tenant`) VALUES ('Breanna','Volkman','1994-09-15','50-032061-546814-4','Emmie49@gmail.com','81067 Aaron Ramp',1);
INSERT INTO client (`first_name`, `last_name`, `date_of_birth`, `phone`, `email`, `address`, `tenant`) VALUES ('Stacey','Rowe','1997-07-12','82-384229-633270-3','Helena74@hotmail.com','660 S Central Avenue',0);
INSERT INTO client (`first_name`, `last_name`, `date_of_birth`, `phone`, `email`, `address`, `tenant`) VALUES ('Dario','Gorczany','1982-04-01','64-692903-907336-6','Dale_Wiza@gmail.com','75539 Westgate',1);
INSERT INTO client (`first_name`, `last_name`, `date_of_birth`, `phone`, `email`, `address`, `tenant`) VALUES ('Bernie','Maggio','1958-12-24','24-914946-157925-8','Mariah48@yahoo.com','84610 Beahan Falls',1);
INSERT INTO client (`first_name`, `last_name`, `date_of_birth`, `phone`, `email`, `address`, `tenant`) VALUES ('Will','Franecki','1966-08-04','29-149414-248738-1','Linnea15@gmail.com','1023 Hawthorn Close',1);
INSERT INTO client (`first_name`, `last_name`, `date_of_birth`, `phone`, `email`, `address`, `tenant`) VALUES ('Allison','Tromp','1959-06-02','90-494007-031040-8','Hazle_Metz@yahoo.com','2939 Miller Shore',1);
INSERT INTO property (`property_number`, `street`, `city`, `suburb`, `postal_code`, `maintanence_id`, `advertisment_id`) VALUES (1,'66416 Bo Via','Greenton','McLaughlinland','79027-6548',1,1);
INSERT INTO property (`property_number`, `street`, `city`, `suburb`, `postal_code`, `maintanence_id`, `advertisment_id`) VALUES (2,'557 Weissnat Row','Hermistonberg','Larsonside','39695-9637',2,2);
INSERT INTO property (`property_number`, `street`, `city`, `suburb`, `postal_code`, `maintanence_id`, `advertisment_id`) VALUES (3,'82531 Bernier Burgs','Cynthiastead','South Devyn','04592',3,3);
INSERT INTO property (`property_number`, `street`, `city`, `suburb`, `postal_code`, `maintanence_id`, `advertisment_id`) VALUES (4,'3685 Larch Close','Cary','Connellycester','46976',4,4);
INSERT INTO property (`property_number`, `street`, `city`, `suburb`, `postal_code`, `maintanence_id`, `advertisment_id`) VALUES (5,'527 Greyson Tunnel','New Dorisbury','Anibalton','66814',5,5);
INSERT INTO property (`property_number`, `street`, `city`, `suburb`, `postal_code`, `maintanence_id`, `advertisment_id`) VALUES (6,'52625 OKon Forge','Lake Domenic','East Jazmin','91310',6,6);
INSERT INTO property (`property_number`, `street`, `city`, `suburb`, `postal_code`, `maintanence_id`, `advertisment_id`) VALUES (7,'808 Schuster Mills','Milfordhaven','Las Vegas','92137-6510',7,7);
INSERT INTO property (`property_number`, `street`, `city`, `suburb`, `postal_code`, `maintanence_id`, `advertisment_id`) VALUES (8,'834 W Broad Street','Huntington Beach','Jacobsonside','13931',8,8);
INSERT INTO property (`property_number`, `street`, `city`, `suburb`, `postal_code`, `maintanence_id`, `advertisment_id`) VALUES (9,'5211 Lina Field','Lakeville','Abbottland','99336',9,9);
INSERT INTO property (`property_number`, `street`, `city`, `suburb`, `postal_code`, `maintanence_id`, `advertisment_id`) VALUES (10,'983 Gutmann Forges','Lake Elsinore','Port Treland','15572-9624',10,10);
INSERT INTO property (`property_number`, `street`, `city`, `suburb`, `postal_code`, `maintanence_id`, `advertisment_id`) VALUES (11,'531 Thelma Canyon','North Gussiehaven','South Baylee','63852',11,11);
INSERT INTO property (`property_number`, `street`, `city`, `suburb`, `postal_code`, `maintanence_id`, `advertisment_id`) VALUES (12,'6289 Columbus Green','Hermanfield','West Melyssa','48493',12,12);
INSERT INTO property (`property_number`, `street`, `city`, `suburb`, `postal_code`, `maintanence_id`, `advertisment_id`) VALUES (13,'44412 Dulce Union','North Walterton','New Pearl','82197',13,13);
INSERT INTO property (`property_number`, `street`, `city`, `suburb`, `postal_code`, `maintanence_id`, `advertisment_id`) VALUES (14,'680 Kessler Fall','Pricechester','Fort Adella','81592-4732',14,14);
INSERT INTO property (`property_number`, `street`, `city`, `suburb`, `postal_code`, `maintanence_id`, `advertisment_id`) VALUES (15,'8759 Collier Route','Peytonboro','Lake Lukasport','27090-4161',15,15);
INSERT INTO property (`property_number`, `street`, `city`, `suburb`, `postal_code`, `maintanence_id`, `advertisment_id`) VALUES (16,'50763 Anastasia Turnpike','West Hannabury','Murphychester','36561',16,16);
INSERT INTO property (`property_number`, `street`, `city`, `suburb`, `postal_code`, `maintanence_id`, `advertisment_id`) VALUES (17,'2626 S 2nd Street','Lake Arlenefurt','Faehaven','83003',17,17);
INSERT INTO property (`property_number`, `street`, `city`, `suburb`, `postal_code`, `maintanence_id`, `advertisment_id`) VALUES (18,'423 The Grange','Willmsborough','Baumbachmouth','36060-5393',18,18);
INSERT INTO property (`property_number`, `street`, `city`, `suburb`, `postal_code`, `maintanence_id`, `advertisment_id`) VALUES (19,'1177 St Andrews Close','Audieport','Colton','30681-3171',19,19);
INSERT INTO property (`property_number`, `street`, `city`, `suburb`, `postal_code`, `maintanence_id`, `advertisment_id`) VALUES (20,'94891 Will Mews','Westborough','Luciofort','59278',20,20);
INSERT INTO property (`property_number`, `street`, `city`, `suburb`, `postal_code`, `maintanence_id`, `advertisment_id`) VALUES (21,'1730 Spinka Cove','Ankeny','Feeneyton','40065-9934',NULL,NULL);
INSERT INTO property (`property_number`, `street`, `city`, `suburb`, `postal_code`, `maintanence_id`, `advertisment_id`) VALUES (22,'707 Lincoln Road','Evanston','Kuhictown','88943',NULL,NULL);
INSERT INTO property (`property_number`, `street`, `city`, `suburb`, `postal_code`, `maintanence_id`, `advertisment_id`) VALUES (23,'634 Strosin Meadows','Spring','Redmond','53825-1001',NULL,NULL);
INSERT INTO property (`property_number`, `street`, `city`, `suburb`, `postal_code`, `maintanence_id`, `advertisment_id`) VALUES (24,'526 Auer Drive','East Marlintown','New Melvina','37453',NULL,NULL);
INSERT INTO property (`property_number`, `street`, `city`, `suburb`, `postal_code`, `maintanence_id`, `advertisment_id`) VALUES (25,'9510 Hammes Trafficway','North Hilma','Fort Aleenview','39797',NULL,NULL);
INSERT INTO property (`property_number`, `street`, `city`, `suburb`, `postal_code`, `maintanence_id`, `advertisment_id`) VALUES (26,'63392 The Spinney','North Vidal','Javontefurt','48987-6864',NULL,NULL);
INSERT INTO property (`property_number`, `street`, `city`, `suburb`, `postal_code`, `maintanence_id`, `advertisment_id`) VALUES (27,'3356 Kemmer Passage','Bellevue','Olafbury','91427',NULL,NULL);
INSERT INTO property (`property_number`, `street`, `city`, `suburb`, `postal_code`, `maintanence_id`, `advertisment_id`) VALUES (28,'6651 Hintz Forges','New Jewelport','Braunchester','30415',NULL,NULL);
INSERT INTO property (`property_number`, `street`, `city`, `suburb`, `postal_code`, `maintanence_id`, `advertisment_id`) VALUES (29,'38992 Woodside Road','Clareboro','Wintheiserfort','65494',NULL,NULL);
INSERT INTO property (`property_number`, `street`, `city`, `suburb`, `postal_code`, `maintanence_id`, `advertisment_id`) VALUES (30,'8012 Kozey Fords','New Annamarieville','West Geraldboro','09963',NULL,NULL);
INSERT INTO property (`property_number`, `street`, `city`, `suburb`, `postal_code`, `maintanence_id`, `advertisment_id`) VALUES (31,'7184 Grand Avenue','Chapel Hill','Lake Filibertofurt','56888-8211',NULL,NULL);
INSERT INTO property (`property_number`, `street`, `city`, `suburb`, `postal_code`, `maintanence_id`, `advertisment_id`) VALUES (32,'384 Kaden Cliffs','West Joe','Feestburgh','08646-3677',NULL,NULL);
INSERT INTO property (`property_number`, `street`, `city`, `suburb`, `postal_code`, `maintanence_id`, `advertisment_id`) VALUES (33,'73669 Cliff Road','Charliestad','Lake Kobyburgh','34486',NULL,NULL);
INSERT INTO property (`property_number`, `street`, `city`, `suburb`, `postal_code`, `maintanence_id`, `advertisment_id`) VALUES (34,'813 Elenora Radial','Maureenmouth','Waelchimouth','45992',NULL,NULL);
INSERT INTO property (`property_number`, `street`, `city`, `suburb`, `postal_code`, `maintanence_id`, `advertisment_id`) VALUES (35,'5309 Mills Lakes','Dinostead','Doyleport','00964-5019',NULL,NULL);
INSERT INTO property (`property_number`, `street`, `city`, `suburb`, `postal_code`, `maintanence_id`, `advertisment_id`) VALUES (36,'73233 Shayna Centers','New Gerardobury','East Candice','74762-6135',NULL,NULL);
INSERT INTO property (`property_number`, `street`, `city`, `suburb`, `postal_code`, `maintanence_id`, `advertisment_id`) VALUES (37,'4708 Powlowski Island','Bradfordburgh','Mooreside','79024-4213',NULL,NULL);
INSERT INTO property (`property_number`, `street`, `city`, `suburb`, `postal_code`, `maintanence_id`, `advertisment_id`) VALUES (38,'20292 Robel Gardens','Herminioberg','North Gideon','38267',NULL,NULL);
INSERT INTO property (`property_number`, `street`, `city`, `suburb`, `postal_code`, `maintanence_id`, `advertisment_id`) VALUES (39,'647 Kilback Fort','Lake Rainacester','North Lew','04793',NULL,NULL);
INSERT INTO property (`property_number`, `street`, `city`, `suburb`, `postal_code`, `maintanence_id`, `advertisment_id`) VALUES (40,'17918 Levi Station','Griffinworth','New Ayanaton','00703-1521',NULL,NULL);
INSERT INTO property (`property_number`, `street`, `city`, `suburb`, `postal_code`, `maintanence_id`, `advertisment_id`) VALUES (41,'43103 Wellington Street','La Habra','Lake Austyn','57123-6618',NULL,NULL);
INSERT INTO property (`property_number`, `street`, `city`, `suburb`, `postal_code`, `maintanence_id`, `advertisment_id`) VALUES (42,'781 Mount Pleasant','Lancaster','New Louside','46361',NULL,NULL);
INSERT INTO property (`property_number`, `street`, `city`, `suburb`, `postal_code`, `maintanence_id`, `advertisment_id`) VALUES (43,'1429 Collins Plaza','North Stellaland','Arecibo','45910-0225',NULL,NULL);
INSERT INTO property (`property_number`, `street`, `city`, `suburb`, `postal_code`, `maintanence_id`, `advertisment_id`) VALUES (44,'2604 Langosh Overpass','Alexaburgh','Joshuastad','65563-1911',NULL,NULL);
INSERT INTO property (`property_number`, `street`, `city`, `suburb`, `postal_code`, `maintanence_id`, `advertisment_id`) VALUES (45,'52091 Oberbrunner Highway','Lindchester','Fort Floridaboro','54765',NULL,NULL);
INSERT INTO property (`property_number`, `street`, `city`, `suburb`, `postal_code`, `maintanence_id`, `advertisment_id`) VALUES (46,'296 Sipes Groves','Beahanton','Dannieworth','95895',NULL,NULL);
INSERT INTO property (`property_number`, `street`, `city`, `suburb`, `postal_code`, `maintanence_id`, `advertisment_id`) VALUES (47,'3069 Schowalter Way','North Alexandrinehaven','Kadeview','35139-6380',NULL,NULL);
INSERT INTO property (`property_number`, `street`, `city`, `suburb`, `postal_code`, `maintanence_id`, `advertisment_id`) VALUES (48,'9813 S College Street','South Marcelinoboro','Newport Beach','39690',NULL,NULL);
INSERT INTO property (`property_number`, `street`, `city`, `suburb`, `postal_code`, `maintanence_id`, `advertisment_id`) VALUES (49,'812 Meadow Drive','Dooleyburgh','North Damien','13709-0246',NULL,NULL);
INSERT INTO property (`property_number`, `street`, `city`, `suburb`, `postal_code`, `maintanence_id`, `advertisment_id`) VALUES (50,'6095 Luettgen Islands','Lehnerville','Fort Genovevaboro','90287-0887',NULL,NULL);
INSERT INTO property_instance (`number_of_tenants`, `available`, `property_id`, `owner_id`, `agent_id`) VALUES (5,0,1,1,18);
INSERT INTO property_instance (`number_of_tenants`, `available`, `property_id`, `owner_id`, `agent_id`) VALUES (5,0,2,2,10);
INSERT INTO property_instance (`number_of_tenants`, `available`, `property_id`, `owner_id`, `agent_id`) VALUES (9,0,3,3,17);
INSERT INTO property_instance (`number_of_tenants`, `available`, `property_id`, `owner_id`, `agent_id`) VALUES (8,0,4,4,13);
INSERT INTO property_instance (`number_of_tenants`, `available`, `property_id`, `owner_id`, `agent_id`) VALUES (1,0,5,5,14);
INSERT INTO property_instance (`number_of_tenants`, `available`, `property_id`, `owner_id`, `agent_id`) VALUES (3,0,6,6,16);
INSERT INTO property_instance (`number_of_tenants`, `available`, `property_id`, `owner_id`, `agent_id`) VALUES (6,0,7,7,12);
INSERT INTO property_instance (`number_of_tenants`, `available`, `property_id`, `owner_id`, `agent_id`) VALUES (5,0,8,8,12);
INSERT INTO property_instance (`number_of_tenants`, `available`, `property_id`, `owner_id`, `agent_id`) VALUES (8,0,9,9,2);
INSERT INTO property_instance (`number_of_tenants`, `available`, `property_id`, `owner_id`, `agent_id`) VALUES (7,0,10,10,19);
INSERT INTO property_instance (`number_of_tenants`, `available`, `property_id`, `owner_id`, `agent_id`) VALUES (9,0,11,11,12);
INSERT INTO property_instance (`number_of_tenants`, `available`, `property_id`, `owner_id`, `agent_id`) VALUES (5,0,12,12,19);
INSERT INTO property_instance (`number_of_tenants`, `available`, `property_id`, `owner_id`, `agent_id`) VALUES (7,0,13,13,12);
INSERT INTO property_instance (`number_of_tenants`, `available`, `property_id`, `owner_id`, `agent_id`) VALUES (5,0,14,14,5);
INSERT INTO property_instance (`number_of_tenants`, `available`, `property_id`, `owner_id`, `agent_id`) VALUES (1,0,15,15,20);
INSERT INTO property_instance (`number_of_tenants`, `available`, `property_id`, `owner_id`, `agent_id`) VALUES (7,0,16,16,11);
INSERT INTO property_instance (`number_of_tenants`, `available`, `property_id`, `owner_id`, `agent_id`) VALUES (1,0,17,17,6);
INSERT INTO property_instance (`number_of_tenants`, `available`, `property_id`, `owner_id`, `agent_id`) VALUES (10,0,18,18,6);
INSERT INTO property_instance (`number_of_tenants`, `available`, `property_id`, `owner_id`, `agent_id`) VALUES (8,0,19,19,19);
INSERT INTO property_instance (`number_of_tenants`, `available`, `property_id`, `owner_id`, `agent_id`) VALUES (2,0,20,20,15);
INSERT INTO property_instance (`number_of_tenants`, `available`, `property_id`, `owner_id`, `agent_id`) VALUES (10,0,21,21,7);
INSERT INTO property_instance (`number_of_tenants`, `available`, `property_id`, `owner_id`, `agent_id`) VALUES (8,0,22,22,1);
INSERT INTO property_instance (`number_of_tenants`, `available`, `property_id`, `owner_id`, `agent_id`) VALUES (6,0,23,23,15);
INSERT INTO property_instance (`number_of_tenants`, `available`, `property_id`, `owner_id`, `agent_id`) VALUES (4,0,24,24,1);
INSERT INTO property_instance (`number_of_tenants`, `available`, `property_id`, `owner_id`, `agent_id`) VALUES (1,0,25,25,9);
INSERT INTO property_instance (`number_of_tenants`, `available`, `property_id`, `owner_id`, `agent_id`) VALUES (5,0,26,26,15);
INSERT INTO property_instance (`number_of_tenants`, `available`, `property_id`, `owner_id`, `agent_id`) VALUES (3,0,27,27,18);
INSERT INTO property_instance (`number_of_tenants`, `available`, `property_id`, `owner_id`, `agent_id`) VALUES (7,0,28,28,11);
INSERT INTO property_instance (`number_of_tenants`, `available`, `property_id`, `owner_id`, `agent_id`) VALUES (7,0,29,29,13);
INSERT INTO property_instance (`number_of_tenants`, `available`, `property_id`, `owner_id`, `agent_id`) VALUES (3,0,30,30,1);
INSERT INTO property_instance (`number_of_tenants`, `available`, `property_id`, `owner_id`, `agent_id`) VALUES (9,0,31,31,16);
INSERT INTO property_instance (`number_of_tenants`, `available`, `property_id`, `owner_id`, `agent_id`) VALUES (9,0,32,32,13);
INSERT INTO property_instance (`number_of_tenants`, `available`, `property_id`, `owner_id`, `agent_id`) VALUES (2,0,33,33,12);
INSERT INTO property_instance (`number_of_tenants`, `available`, `property_id`, `owner_id`, `agent_id`) VALUES (7,0,34,34,4);
INSERT INTO property_instance (`number_of_tenants`, `available`, `property_id`, `owner_id`, `agent_id`) VALUES (4,0,35,35,15);
INSERT INTO property_instance (`number_of_tenants`, `available`, `property_id`, `owner_id`, `agent_id`) VALUES (10,0,36,36,11);
INSERT INTO property_instance (`number_of_tenants`, `available`, `property_id`, `owner_id`, `agent_id`) VALUES (2,0,37,37,11);
INSERT INTO property_instance (`number_of_tenants`, `available`, `property_id`, `owner_id`, `agent_id`) VALUES (2,0,38,38,9);
INSERT INTO property_instance (`number_of_tenants`, `available`, `property_id`, `owner_id`, `agent_id`) VALUES (2,0,39,39,14);
INSERT INTO property_instance (`number_of_tenants`, `available`, `property_id`, `owner_id`, `agent_id`) VALUES (1,0,40,40,8);
INSERT INTO property_instance (`number_of_tenants`, `available`, `property_id`, `owner_id`, `agent_id`) VALUES (1,0,41,41,6);
INSERT INTO property_instance (`number_of_tenants`, `available`, `property_id`, `owner_id`, `agent_id`) VALUES (3,0,42,42,12);
INSERT INTO property_instance (`number_of_tenants`, `available`, `property_id`, `owner_id`, `agent_id`) VALUES (8,0,43,43,1);
INSERT INTO property_instance (`number_of_tenants`, `available`, `property_id`, `owner_id`, `agent_id`) VALUES (1,0,44,44,8);
INSERT INTO property_instance (`number_of_tenants`, `available`, `property_id`, `owner_id`, `agent_id`) VALUES (5,0,45,45,14);
INSERT INTO property_instance (`number_of_tenants`, `available`, `property_id`, `owner_id`, `agent_id`) VALUES (2,0,46,46,18);
INSERT INTO property_instance (`number_of_tenants`, `available`, `property_id`, `owner_id`, `agent_id`) VALUES (4,0,47,47,11);
INSERT INTO property_instance (`number_of_tenants`, `available`, `property_id`, `owner_id`, `agent_id`) VALUES (9,0,48,48,3);
INSERT INTO property_instance (`number_of_tenants`, `available`, `property_id`, `owner_id`, `agent_id`) VALUES (7,0,49,49,8);
INSERT INTO property_instance (`number_of_tenants`, `available`, `property_id`, `owner_id`, `agent_id`) VALUES (6,0,50,50,16);
INSERT INTO lease (`property_instance_id`, `rent`, `bond`, `lease_start`, `lease_end`, `rent_frequency`) VALUES (1,1892,3248,'2019-08-17','2023-07-17',7);
INSERT INTO lease (`property_instance_id`, `rent`, `bond`, `lease_start`, `lease_end`, `rent_frequency`) VALUES (2,1938,3049,'2019-12-08','2023-11-25',11);
INSERT INTO lease (`property_instance_id`, `rent`, `bond`, `lease_start`, `lease_end`, `rent_frequency`) VALUES (3,1832,3167,'2019-10-04','2023-03-11',13);
INSERT INTO lease (`property_instance_id`, `rent`, `bond`, `lease_start`, `lease_end`, `rent_frequency`) VALUES (4,1370,3113,'2019-08-21','2023-12-03',9);
INSERT INTO lease (`property_instance_id`, `rent`, `bond`, `lease_start`, `lease_end`, `rent_frequency`) VALUES (5,1007,3198,'2019-04-21','2023-03-04',14);
INSERT INTO lease (`property_instance_id`, `rent`, `bond`, `lease_start`, `lease_end`, `rent_frequency`) VALUES (6,1375,3055,'2019-02-28','2023-06-25',8);
INSERT INTO lease (`property_instance_id`, `rent`, `bond`, `lease_start`, `lease_end`, `rent_frequency`) VALUES (7,1524,3163,'2019-03-23','2023-02-07',12);
INSERT INTO lease (`property_instance_id`, `rent`, `bond`, `lease_start`, `lease_end`, `rent_frequency`) VALUES (8,1163,3188,'2019-04-20','2023-04-04',12);
INSERT INTO lease (`property_instance_id`, `rent`, `bond`, `lease_start`, `lease_end`, `rent_frequency`) VALUES (9,1877,3157,'2019-08-25','2023-10-21',12);
INSERT INTO lease (`property_instance_id`, `rent`, `bond`, `lease_start`, `lease_end`, `rent_frequency`) VALUES (10,1279,3059,'2019-07-08','2023-01-31',9);
INSERT INTO lease (`property_instance_id`, `rent`, `bond`, `lease_start`, `lease_end`, `rent_frequency`) VALUES (11,1153,3129,'2019-01-27','2023-10-16',13);
INSERT INTO lease (`property_instance_id`, `rent`, `bond`, `lease_start`, `lease_end`, `rent_frequency`) VALUES (12,1218,3030,'2019-04-22','2023-02-15',7);
INSERT INTO lease (`property_instance_id`, `rent`, `bond`, `lease_start`, `lease_end`, `rent_frequency`) VALUES (13,1485,3012,'2019-03-17','2023-02-16',12);
INSERT INTO lease (`property_instance_id`, `rent`, `bond`, `lease_start`, `lease_end`, `rent_frequency`) VALUES (14,1900,3194,'2019-08-05','2023-02-06',12);
INSERT INTO lease (`property_instance_id`, `rent`, `bond`, `lease_start`, `lease_end`, `rent_frequency`) VALUES (15,1094,3201,'2019-12-27','2023-07-11',10);
INSERT INTO lease (`property_instance_id`, `rent`, `bond`, `lease_start`, `lease_end`, `rent_frequency`) VALUES (16,1109,3089,'2019-01-24','2023-03-21',7);
INSERT INTO lease (`property_instance_id`, `rent`, `bond`, `lease_start`, `lease_end`, `rent_frequency`) VALUES (17,1405,3210,'2019-11-09','2023-03-17',11);
INSERT INTO lease (`property_instance_id`, `rent`, `bond`, `lease_start`, `lease_end`, `rent_frequency`) VALUES (18,1781,3043,'2019-08-23','2023-03-02',11);
INSERT INTO lease (`property_instance_id`, `rent`, `bond`, `lease_start`, `lease_end`, `rent_frequency`) VALUES (19,1249,3148,'2019-09-22','2023-03-17',12);
INSERT INTO lease (`property_instance_id`, `rent`, `bond`, `lease_start`, `lease_end`, `rent_frequency`) VALUES (20,1565,3075,'2019-04-02','2023-06-01',8);
INSERT INTO lease (`property_instance_id`, `rent`, `bond`, `lease_start`, `lease_end`, `rent_frequency`) VALUES (21,1002,3095,'2019-01-16','2023-12-10',7);
INSERT INTO lease (`property_instance_id`, `rent`, `bond`, `lease_start`, `lease_end`, `rent_frequency`) VALUES (22,1683,3198,'2019-12-16','2023-07-11',7);
INSERT INTO lease (`property_instance_id`, `rent`, `bond`, `lease_start`, `lease_end`, `rent_frequency`) VALUES (23,1189,3005,'2019-09-04','2023-11-05',7);
INSERT INTO lease (`property_instance_id`, `rent`, `bond`, `lease_start`, `lease_end`, `rent_frequency`) VALUES (24,1996,3217,'2019-06-07','2023-05-04',9);
INSERT INTO lease (`property_instance_id`, `rent`, `bond`, `lease_start`, `lease_end`, `rent_frequency`) VALUES (25,1541,3008,'2019-05-17','2023-05-30',10);
INSERT INTO lease (`property_instance_id`, `rent`, `bond`, `lease_start`, `lease_end`, `rent_frequency`) VALUES (26,1181,3206,'2019-07-02','2023-06-14',13);
INSERT INTO lease (`property_instance_id`, `rent`, `bond`, `lease_start`, `lease_end`, `rent_frequency`) VALUES (27,1970,3022,'2019-03-04','2023-10-16',12);
INSERT INTO lease (`property_instance_id`, `rent`, `bond`, `lease_start`, `lease_end`, `rent_frequency`) VALUES (28,1892,3208,'2019-07-01','2023-04-05',13);
INSERT INTO lease (`property_instance_id`, `rent`, `bond`, `lease_start`, `lease_end`, `rent_frequency`) VALUES (29,1702,3219,'2019-04-11','2023-10-28',13);
INSERT INTO lease (`property_instance_id`, `rent`, `bond`, `lease_start`, `lease_end`, `rent_frequency`) VALUES (30,1028,3240,'2019-09-26','2023-08-22',9);
INSERT INTO lease (`property_instance_id`, `rent`, `bond`, `lease_start`, `lease_end`, `rent_frequency`) VALUES (31,1101,3039,'2019-07-20','2023-05-06',14);
INSERT INTO lease (`property_instance_id`, `rent`, `bond`, `lease_start`, `lease_end`, `rent_frequency`) VALUES (32,1719,3047,'2019-07-13','2023-04-28',11);
INSERT INTO lease (`property_instance_id`, `rent`, `bond`, `lease_start`, `lease_end`, `rent_frequency`) VALUES (33,1238,3239,'2019-04-14','2023-10-26',14);
INSERT INTO lease (`property_instance_id`, `rent`, `bond`, `lease_start`, `lease_end`, `rent_frequency`) VALUES (34,1837,3178,'2019-11-09','2023-08-04',14);
INSERT INTO lease (`property_instance_id`, `rent`, `bond`, `lease_start`, `lease_end`, `rent_frequency`) VALUES (35,1061,3222,'2019-06-06','2023-04-10',14);
INSERT INTO lease (`property_instance_id`, `rent`, `bond`, `lease_start`, `lease_end`, `rent_frequency`) VALUES (36,1621,3068,'2019-11-29','2023-02-01',10);
INSERT INTO lease (`property_instance_id`, `rent`, `bond`, `lease_start`, `lease_end`, `rent_frequency`) VALUES (37,1281,3006,'2019-08-29','2023-08-28',13);
INSERT INTO lease (`property_instance_id`, `rent`, `bond`, `lease_start`, `lease_end`, `rent_frequency`) VALUES (38,1590,3183,'2019-02-16','2023-11-10',13);
INSERT INTO lease (`property_instance_id`, `rent`, `bond`, `lease_start`, `lease_end`, `rent_frequency`) VALUES (39,1769,3012,'2019-01-30','2023-05-04',9);
INSERT INTO lease (`property_instance_id`, `rent`, `bond`, `lease_start`, `lease_end`, `rent_frequency`) VALUES (40,1866,3200,'2019-06-18','2023-01-07',13);
INSERT INTO lease (`property_instance_id`, `rent`, `bond`, `lease_start`, `lease_end`, `rent_frequency`) VALUES (41,1828,3183,'2019-01-23','2023-12-09',13);
INSERT INTO lease (`property_instance_id`, `rent`, `bond`, `lease_start`, `lease_end`, `rent_frequency`) VALUES (42,1724,3012,'2019-09-13','2023-06-18',14);
INSERT INTO lease (`property_instance_id`, `rent`, `bond`, `lease_start`, `lease_end`, `rent_frequency`) VALUES (43,1172,3168,'2019-06-08','2023-04-28',13);
INSERT INTO lease (`property_instance_id`, `rent`, `bond`, `lease_start`, `lease_end`, `rent_frequency`) VALUES (44,1847,3030,'2019-06-28','2023-10-10',12);
INSERT INTO lease (`property_instance_id`, `rent`, `bond`, `lease_start`, `lease_end`, `rent_frequency`) VALUES (45,1387,3129,'2019-05-19','2023-03-24',12);
INSERT INTO lease (`property_instance_id`, `rent`, `bond`, `lease_start`, `lease_end`, `rent_frequency`) VALUES (46,1857,3128,'2019-07-02','2023-11-30',10);
INSERT INTO lease (`property_instance_id`, `rent`, `bond`, `lease_start`, `lease_end`, `rent_frequency`) VALUES (47,1819,3130,'2019-05-29','2023-06-07',9);
INSERT INTO lease (`property_instance_id`, `rent`, `bond`, `lease_start`, `lease_end`, `rent_frequency`) VALUES (48,1873,3178,'2019-05-07','2023-08-15',12);
INSERT INTO lease (`property_instance_id`, `rent`, `bond`, `lease_start`, `lease_end`, `rent_frequency`) VALUES (49,1291,3183,'2019-12-13','2023-02-26',10);
INSERT INTO lease (`property_instance_id`, `rent`, `bond`, `lease_start`, `lease_end`, `rent_frequency`) VALUES (50,1314,3226,'2019-07-27','2023-10-29',12);
INSERT INTO client_lease (`lease_id`, `client_id`) VALUES (17,64);
INSERT INTO client_lease (`lease_id`, `client_id`) VALUES (12,66);
INSERT INTO client_lease (`lease_id`, `client_id`) VALUES (2,65);
INSERT INTO client_lease (`lease_id`, `client_id`) VALUES (39,90);
INSERT INTO client_lease (`lease_id`, `client_id`) VALUES (20,72);
INSERT INTO client_lease (`lease_id`, `client_id`) VALUES (46,30);
INSERT INTO client_lease (`lease_id`, `client_id`) VALUES (41,39);
INSERT INTO client_lease (`lease_id`, `client_id`) VALUES (33,70);
INSERT INTO client_lease (`lease_id`, `client_id`) VALUES (21,85);
INSERT INTO client_lease (`lease_id`, `client_id`) VALUES (4,64);
INSERT INTO client_lease (`lease_id`, `client_id`) VALUES (37,36);
INSERT INTO client_lease (`lease_id`, `client_id`) VALUES (19,15);
INSERT INTO client_lease (`lease_id`, `client_id`) VALUES (29,95);
INSERT INTO client_lease (`lease_id`, `client_id`) VALUES (16,83);
INSERT INTO client_lease (`lease_id`, `client_id`) VALUES (46,38);
INSERT INTO client_lease (`lease_id`, `client_id`) VALUES (42,59);
INSERT INTO client_lease (`lease_id`, `client_id`) VALUES (4,89);
INSERT INTO client_lease (`lease_id`, `client_id`) VALUES (24,60);
INSERT INTO client_lease (`lease_id`, `client_id`) VALUES (24,1);
INSERT INTO client_lease (`lease_id`, `client_id`) VALUES (10,1);
INSERT INTO client_lease (`lease_id`, `client_id`) VALUES (49,17);
INSERT INTO client_lease (`lease_id`, `client_id`) VALUES (11,77);
INSERT INTO client_lease (`lease_id`, `client_id`) VALUES (40,39);
INSERT INTO client_lease (`lease_id`, `client_id`) VALUES (25,54);
INSERT INTO client_lease (`lease_id`, `client_id`) VALUES (24,44);
INSERT INTO client_lease (`lease_id`, `client_id`) VALUES (46,72);
INSERT INTO client_lease (`lease_id`, `client_id`) VALUES (20,57);
INSERT INTO client_lease (`lease_id`, `client_id`) VALUES (13,68);
INSERT INTO client_lease (`lease_id`, `client_id`) VALUES (47,66);
INSERT INTO client_lease (`lease_id`, `client_id`) VALUES (20,20);
INSERT INTO client_lease (`lease_id`, `client_id`) VALUES (41,100);
INSERT INTO client_lease (`lease_id`, `client_id`) VALUES (41,39);
INSERT INTO client_lease (`lease_id`, `client_id`) VALUES (5,77);
INSERT INTO client_lease (`lease_id`, `client_id`) VALUES (40,24);
INSERT INTO client_lease (`lease_id`, `client_id`) VALUES (15,15);
INSERT INTO client_lease (`lease_id`, `client_id`) VALUES (44,18);
INSERT INTO client_lease (`lease_id`, `client_id`) VALUES (34,66);
INSERT INTO client_lease (`lease_id`, `client_id`) VALUES (46,33);
INSERT INTO client_lease (`lease_id`, `client_id`) VALUES (17,41);
INSERT INTO client_lease (`lease_id`, `client_id`) VALUES (42,20);
INSERT INTO client_lease (`lease_id`, `client_id`) VALUES (25,14);
INSERT INTO client_lease (`lease_id`, `client_id`) VALUES (26,72);
INSERT INTO client_lease (`lease_id`, `client_id`) VALUES (18,20);
INSERT INTO client_lease (`lease_id`, `client_id`) VALUES (26,22);
INSERT INTO client_lease (`lease_id`, `client_id`) VALUES (50,57);
INSERT INTO client_lease (`lease_id`, `client_id`) VALUES (1,26);
INSERT INTO client_lease (`lease_id`, `client_id`) VALUES (17,41);
INSERT INTO client_lease (`lease_id`, `client_id`) VALUES (16,72);
INSERT INTO client_lease (`lease_id`, `client_id`) VALUES (44,99);
INSERT INTO client_lease (`lease_id`, `client_id`) VALUES (30,27);
INSERT INTO client_viewing (`client_id`, `property_instance_id`, `viewing_date`) VALUES (40,8,'2022-03-06');
INSERT INTO client_viewing (`client_id`, `property_instance_id`, `viewing_date`) VALUES (32,21,'2022-09-13');
INSERT INTO client_viewing (`client_id`, `property_instance_id`, `viewing_date`) VALUES (98,33,'2022-11-17');
INSERT INTO client_viewing (`client_id`, `property_instance_id`, `viewing_date`) VALUES (92,3,'2022-10-12');
INSERT INTO client_viewing (`client_id`, `property_instance_id`, `viewing_date`) VALUES (24,5,'2023-04-19');
INSERT INTO client_viewing (`client_id`, `property_instance_id`, `viewing_date`) VALUES (94,30,'2022-10-09');
INSERT INTO client_viewing (`client_id`, `property_instance_id`, `viewing_date`) VALUES (93,37,'2022-01-06');
INSERT INTO client_viewing (`client_id`, `property_instance_id`, `viewing_date`) VALUES (84,43,'2022-05-31');
INSERT INTO client_viewing (`client_id`, `property_instance_id`, `viewing_date`) VALUES (52,8,'2022-06-15');
INSERT INTO client_viewing (`client_id`, `property_instance_id`, `viewing_date`) VALUES (9,42,'2022-04-24');
INSERT INTO client_viewing (`client_id`, `property_instance_id`, `viewing_date`) VALUES (95,19,'2023-07-17');
INSERT INTO client_viewing (`client_id`, `property_instance_id`, `viewing_date`) VALUES (79,30,'2023-01-09');
INSERT INTO client_viewing (`client_id`, `property_instance_id`, `viewing_date`) VALUES (25,47,'2022-05-23');
INSERT INTO client_viewing (`client_id`, `property_instance_id`, `viewing_date`) VALUES (59,3,'2022-08-11');
INSERT INTO client_viewing (`client_id`, `property_instance_id`, `viewing_date`) VALUES (10,16,'2023-09-21');
INSERT INTO client_viewing (`client_id`, `property_instance_id`, `viewing_date`) VALUES (2,27,'2022-12-23');
INSERT INTO client_viewing (`client_id`, `property_instance_id`, `viewing_date`) VALUES (13,35,'2023-06-19');
INSERT INTO client_viewing (`client_id`, `property_instance_id`, `viewing_date`) VALUES (27,40,'2023-08-26');
INSERT INTO client_viewing (`client_id`, `property_instance_id`, `viewing_date`) VALUES (71,31,'2023-07-23');
INSERT INTO client_viewing (`client_id`, `property_instance_id`, `viewing_date`) VALUES (28,10,'2022-03-10');
INSERT INTO client_viewing (`client_id`, `property_instance_id`, `viewing_date`) VALUES (64,29,'2023-02-17');
INSERT INTO client_viewing (`client_id`, `property_instance_id`, `viewing_date`) VALUES (46,31,'2022-09-08');
INSERT INTO client_viewing (`client_id`, `property_instance_id`, `viewing_date`) VALUES (10,38,'2023-09-04');
INSERT INTO client_viewing (`client_id`, `property_instance_id`, `viewing_date`) VALUES (96,47,'2023-07-11');
INSERT INTO client_viewing (`client_id`, `property_instance_id`, `viewing_date`) VALUES (28,18,'2023-10-09');
INSERT INTO client_viewing (`client_id`, `property_instance_id`, `viewing_date`) VALUES (8,20,'2023-04-05');
INSERT INTO client_viewing (`client_id`, `property_instance_id`, `viewing_date`) VALUES (91,33,'2023-08-29');
INSERT INTO client_viewing (`client_id`, `property_instance_id`, `viewing_date`) VALUES (11,17,'2023-06-29');
INSERT INTO client_viewing (`client_id`, `property_instance_id`, `viewing_date`) VALUES (30,17,'2022-11-22');
INSERT INTO client_viewing (`client_id`, `property_instance_id`, `viewing_date`) VALUES (86,6,'2022-02-23');
INSERT INTO client_viewing (`client_id`, `property_instance_id`, `viewing_date`) VALUES (85,31,'2023-06-27');
INSERT INTO client_viewing (`client_id`, `property_instance_id`, `viewing_date`) VALUES (38,23,'2023-09-10');
INSERT INTO client_viewing (`client_id`, `property_instance_id`, `viewing_date`) VALUES (11,30,'2022-10-20');
INSERT INTO client_viewing (`client_id`, `property_instance_id`, `viewing_date`) VALUES (95,43,'2022-03-19');
INSERT INTO client_viewing (`client_id`, `property_instance_id`, `viewing_date`) VALUES (91,2,'2023-09-27');
INSERT INTO client_viewing (`client_id`, `property_instance_id`, `viewing_date`) VALUES (47,11,'2022-09-09');
INSERT INTO client_viewing (`client_id`, `property_instance_id`, `viewing_date`) VALUES (68,27,'2023-09-01');
INSERT INTO client_viewing (`client_id`, `property_instance_id`, `viewing_date`) VALUES (77,43,'2022-11-02');
INSERT INTO client_viewing (`client_id`, `property_instance_id`, `viewing_date`) VALUES (26,23,'2022-07-11');
INSERT INTO client_viewing (`client_id`, `property_instance_id`, `viewing_date`) VALUES (58,10,'2022-03-29');
INSERT INTO client_viewing (`client_id`, `property_instance_id`, `viewing_date`) VALUES (14,28,'2023-06-28');
INSERT INTO client_viewing (`client_id`, `property_instance_id`, `viewing_date`) VALUES (85,26,'2022-07-16');
INSERT INTO client_viewing (`client_id`, `property_instance_id`, `viewing_date`) VALUES (89,41,'2022-07-29');
INSERT INTO client_viewing (`client_id`, `property_instance_id`, `viewing_date`) VALUES (18,20,'2022-12-10');
INSERT INTO client_viewing (`client_id`, `property_instance_id`, `viewing_date`) VALUES (65,5,'2022-10-04');
INSERT INTO client_viewing (`client_id`, `property_instance_id`, `viewing_date`) VALUES (97,27,'2023-10-07');
INSERT INTO client_viewing (`client_id`, `property_instance_id`, `viewing_date`) VALUES (67,44,'2022-12-01');
INSERT INTO client_viewing (`client_id`, `property_instance_id`, `viewing_date`) VALUES (78,43,'2023-03-06');
INSERT INTO client_viewing (`client_id`, `property_instance_id`, `viewing_date`) VALUES (60,38,'2023-03-11');
INSERT INTO client_viewing (`client_id`, `property_instance_id`, `viewing_date`) VALUES (71,11,'2022-06-14');
INSERT INTO registration (`client_id`, `branch_id`, `registration_date`) VALUES (1,2,'2021-05-30');
INSERT INTO registration (`client_id`, `branch_id`, `registration_date`) VALUES (2,2,'2023-08-24');
INSERT INTO registration (`client_id`, `branch_id`, `registration_date`) VALUES (3,3,'2023-08-15');
INSERT INTO registration (`client_id`, `branch_id`, `registration_date`) VALUES (4,3,'2021-07-11');
INSERT INTO registration (`client_id`, `branch_id`, `registration_date`) VALUES (5,2,'2022-05-18');
INSERT INTO registration (`client_id`, `branch_id`, `registration_date`) VALUES (6,2,'2020-08-28');
INSERT INTO registration (`client_id`, `branch_id`, `registration_date`) VALUES (7,2,'2023-07-19');
INSERT INTO registration (`client_id`, `branch_id`, `registration_date`) VALUES (8,1,'2021-05-25');
INSERT INTO registration (`client_id`, `branch_id`, `registration_date`) VALUES (9,3,'2020-05-18');
INSERT INTO registration (`client_id`, `branch_id`, `registration_date`) VALUES (10,1,'2020-05-07');
INSERT INTO registration (`client_id`, `branch_id`, `registration_date`) VALUES (11,1,'2021-12-27');
INSERT INTO registration (`client_id`, `branch_id`, `registration_date`) VALUES (12,2,'2021-03-15');
INSERT INTO registration (`client_id`, `branch_id`, `registration_date`) VALUES (13,3,'2020-12-28');
INSERT INTO registration (`client_id`, `branch_id`, `registration_date`) VALUES (14,3,'2020-10-02');
INSERT INTO registration (`client_id`, `branch_id`, `registration_date`) VALUES (15,2,'2021-01-31');
INSERT INTO registration (`client_id`, `branch_id`, `registration_date`) VALUES (16,3,'2020-12-28');
INSERT INTO registration (`client_id`, `branch_id`, `registration_date`) VALUES (17,3,'2022-04-19');
INSERT INTO registration (`client_id`, `branch_id`, `registration_date`) VALUES (18,2,'2021-05-15');
INSERT INTO registration (`client_id`, `branch_id`, `registration_date`) VALUES (19,2,'2020-10-25');
INSERT INTO registration (`client_id`, `branch_id`, `registration_date`) VALUES (20,1,'2020-08-23');
INSERT INTO registration (`client_id`, `branch_id`, `registration_date`) VALUES (21,1,'2022-03-16');
INSERT INTO registration (`client_id`, `branch_id`, `registration_date`) VALUES (22,2,'2021-05-06');
INSERT INTO registration (`client_id`, `branch_id`, `registration_date`) VALUES (23,2,'2021-11-26');
INSERT INTO registration (`client_id`, `branch_id`, `registration_date`) VALUES (24,3,'2023-09-27');
INSERT INTO registration (`client_id`, `branch_id`, `registration_date`) VALUES (25,1,'2020-04-13');
INSERT INTO registration (`client_id`, `branch_id`, `registration_date`) VALUES (26,1,'2022-09-22');
INSERT INTO registration (`client_id`, `branch_id`, `registration_date`) VALUES (27,3,'2022-09-27');
INSERT INTO registration (`client_id`, `branch_id`, `registration_date`) VALUES (28,2,'2020-07-03');
INSERT INTO registration (`client_id`, `branch_id`, `registration_date`) VALUES (29,1,'2023-08-09');
INSERT INTO registration (`client_id`, `branch_id`, `registration_date`) VALUES (30,1,'2022-11-14');
INSERT INTO registration (`client_id`, `branch_id`, `registration_date`) VALUES (31,2,'2020-05-09');
INSERT INTO registration (`client_id`, `branch_id`, `registration_date`) VALUES (32,2,'2020-12-12');
INSERT INTO registration (`client_id`, `branch_id`, `registration_date`) VALUES (33,3,'2021-12-23');
INSERT INTO registration (`client_id`, `branch_id`, `registration_date`) VALUES (34,3,'2023-10-09');
INSERT INTO registration (`client_id`, `branch_id`, `registration_date`) VALUES (35,2,'2022-03-08');
INSERT INTO registration (`client_id`, `branch_id`, `registration_date`) VALUES (36,1,'2020-12-25');
INSERT INTO registration (`client_id`, `branch_id`, `registration_date`) VALUES (37,1,'2021-04-12');
INSERT INTO registration (`client_id`, `branch_id`, `registration_date`) VALUES (38,3,'2022-07-14');
INSERT INTO registration (`client_id`, `branch_id`, `registration_date`) VALUES (39,3,'2021-09-28');
INSERT INTO registration (`client_id`, `branch_id`, `registration_date`) VALUES (40,1,'2020-04-27');
INSERT INTO registration (`client_id`, `branch_id`, `registration_date`) VALUES (41,3,'2020-10-07');
INSERT INTO registration (`client_id`, `branch_id`, `registration_date`) VALUES (42,2,'2020-02-17');
INSERT INTO registration (`client_id`, `branch_id`, `registration_date`) VALUES (43,1,'2021-10-10');
INSERT INTO registration (`client_id`, `branch_id`, `registration_date`) VALUES (44,2,'2023-03-29');
INSERT INTO registration (`client_id`, `branch_id`, `registration_date`) VALUES (45,1,'2021-10-22');
INSERT INTO registration (`client_id`, `branch_id`, `registration_date`) VALUES (46,1,'2022-10-15');
INSERT INTO registration (`client_id`, `branch_id`, `registration_date`) VALUES (47,1,'2022-06-10');
INSERT INTO registration (`client_id`, `branch_id`, `registration_date`) VALUES (48,3,'2020-10-22');
INSERT INTO registration (`client_id`, `branch_id`, `registration_date`) VALUES (49,1,'2022-06-17');
INSERT INTO registration (`client_id`, `branch_id`, `registration_date`) VALUES (50,1,'2021-12-23');
INSERT INTO registration (`client_id`, `branch_id`, `registration_date`) VALUES (51,3,'2023-09-11');
INSERT INTO registration (`client_id`, `branch_id`, `registration_date`) VALUES (52,1,'2023-04-24');
INSERT INTO registration (`client_id`, `branch_id`, `registration_date`) VALUES (53,1,'2023-03-02');
INSERT INTO registration (`client_id`, `branch_id`, `registration_date`) VALUES (54,1,'2020-12-16');
INSERT INTO registration (`client_id`, `branch_id`, `registration_date`) VALUES (55,3,'2022-11-08');
INSERT INTO registration (`client_id`, `branch_id`, `registration_date`) VALUES (56,2,'2022-01-11');
INSERT INTO registration (`client_id`, `branch_id`, `registration_date`) VALUES (57,2,'2021-06-16');
INSERT INTO registration (`client_id`, `branch_id`, `registration_date`) VALUES (58,1,'2020-12-18');
INSERT INTO registration (`client_id`, `branch_id`, `registration_date`) VALUES (59,1,'2023-06-17');
INSERT INTO registration (`client_id`, `branch_id`, `registration_date`) VALUES (60,1,'2021-03-04');
INSERT INTO registration (`client_id`, `branch_id`, `registration_date`) VALUES (61,1,'2022-07-12');
INSERT INTO registration (`client_id`, `branch_id`, `registration_date`) VALUES (62,2,'2023-05-19');
INSERT INTO registration (`client_id`, `branch_id`, `registration_date`) VALUES (63,1,'2020-01-30');
INSERT INTO registration (`client_id`, `branch_id`, `registration_date`) VALUES (64,2,'2023-06-23');
INSERT INTO registration (`client_id`, `branch_id`, `registration_date`) VALUES (65,1,'2020-12-12');
INSERT INTO registration (`client_id`, `branch_id`, `registration_date`) VALUES (66,1,'2020-10-25');
INSERT INTO registration (`client_id`, `branch_id`, `registration_date`) VALUES (67,1,'2022-08-31');
INSERT INTO registration (`client_id`, `branch_id`, `registration_date`) VALUES (68,2,'2022-06-01');
INSERT INTO registration (`client_id`, `branch_id`, `registration_date`) VALUES (69,3,'2022-02-28');
INSERT INTO registration (`client_id`, `branch_id`, `registration_date`) VALUES (70,3,'2021-10-12');
INSERT INTO registration (`client_id`, `branch_id`, `registration_date`) VALUES (71,1,'2022-08-19');
INSERT INTO registration (`client_id`, `branch_id`, `registration_date`) VALUES (72,3,'2022-10-09');
INSERT INTO registration (`client_id`, `branch_id`, `registration_date`) VALUES (73,1,'2023-05-09');
INSERT INTO registration (`client_id`, `branch_id`, `registration_date`) VALUES (74,1,'2020-01-06');
INSERT INTO registration (`client_id`, `branch_id`, `registration_date`) VALUES (75,1,'2020-05-21');
INSERT INTO registration (`client_id`, `branch_id`, `registration_date`) VALUES (76,1,'2021-07-24');
INSERT INTO registration (`client_id`, `branch_id`, `registration_date`) VALUES (77,1,'2021-09-05');
INSERT INTO registration (`client_id`, `branch_id`, `registration_date`) VALUES (78,1,'2023-03-23');
INSERT INTO registration (`client_id`, `branch_id`, `registration_date`) VALUES (79,3,'2020-05-22');
INSERT INTO registration (`client_id`, `branch_id`, `registration_date`) VALUES (80,3,'2020-09-28');
INSERT INTO registration (`client_id`, `branch_id`, `registration_date`) VALUES (81,2,'2021-01-13');
INSERT INTO registration (`client_id`, `branch_id`, `registration_date`) VALUES (82,3,'2022-01-05');
INSERT INTO registration (`client_id`, `branch_id`, `registration_date`) VALUES (83,2,'2020-04-02');
INSERT INTO registration (`client_id`, `branch_id`, `registration_date`) VALUES (84,2,'2020-12-13');
INSERT INTO registration (`client_id`, `branch_id`, `registration_date`) VALUES (85,3,'2020-11-25');
INSERT INTO registration (`client_id`, `branch_id`, `registration_date`) VALUES (86,1,'2022-03-16');
INSERT INTO registration (`client_id`, `branch_id`, `registration_date`) VALUES (87,3,'2020-03-10');
INSERT INTO registration (`client_id`, `branch_id`, `registration_date`) VALUES (88,3,'2022-04-26');
INSERT INTO registration (`client_id`, `branch_id`, `registration_date`) VALUES (89,1,'2021-03-04');
INSERT INTO registration (`client_id`, `branch_id`, `registration_date`) VALUES (90,2,'2023-08-29');
INSERT INTO registration (`client_id`, `branch_id`, `registration_date`) VALUES (91,2,'2021-12-15');
INSERT INTO registration (`client_id`, `branch_id`, `registration_date`) VALUES (92,3,'2021-11-15');
INSERT INTO registration (`client_id`, `branch_id`, `registration_date`) VALUES (93,2,'2021-02-16');
INSERT INTO registration (`client_id`, `branch_id`, `registration_date`) VALUES (94,1,'2020-05-13');
INSERT INTO registration (`client_id`, `branch_id`, `registration_date`) VALUES (95,3,'2022-10-22');
INSERT INTO registration (`client_id`, `branch_id`, `registration_date`) VALUES (96,2,'2020-01-04');
INSERT INTO registration (`client_id`, `branch_id`, `registration_date`) VALUES (97,1,'2022-04-15');
INSERT INTO registration (`client_id`, `branch_id`, `registration_date`) VALUES (98,1,'2020-03-13');
INSERT INTO registration (`client_id`, `branch_id`, `registration_date`) VALUES (99,2,'2021-09-11');
INSERT INTO registration (`client_id`, `branch_id`, `registration_date`) VALUES (100,3,'2021-05-01');
